actual_is_canceled,predicted_is_canceled,cancellation_probability,final_prediction,selected_threshold,prediction_status
0,1,0.91740626,1,0.3599999999999999,False Positive
0,1,0.8989269,1,0.3599999999999999,False Positive
0,1,0.8901649,1,0.3599999999999999,False Positive
0,1,0.87316644,1,0.3599999999999999,False Positive
0,1,0.8705784,1,0.3599999999999999,False Positive
0,1,0.86782104,1,0.3599999999999999,False Positive
0,1,0.86052513,1,0.3599999999999999,False Positive
0,1,0.85965836,1,0.3599999999999999,False Positive
0,1,0.8541746,1,0.3599999999999999,False Positive
0,1,0.85346556,1,0.3599999999999999,False Positive
0,1,0.8527093,1,0.3599999999999999,False Positive
0,1,0.851823,1,0.3599999999999999,False Positive
0,1,0.84918857,1,0.3599999999999999,False Positive
0,1,0.84801286,1,0.3599999999999999,False Positive
0,1,0.8456948,1,0.3599999999999999,False Positive
0,1,0.84459543,1,0.3599999999999999,False Positive
0,1,0.8408657,1,0.3599999999999999,False Positive
0,1,0.84005284,1,0.3599999999999999,False Positive
0,1,0.8325059,1,0.3599999999999999,False Positive
0,1,0.82828623,1,0.3599999999999999,False Positive
0,1,0.82599556,1,0.3599999999999999,False Positive
0,1,0.82272,1,0.3599999999999999,False Positive
0,1,0.8200556,1,0.3599999999999999,False Positive
0,1,0.81237775,1,0.3599999999999999,False Positive
0,1,0.80886143,1,0.3599999999999999,False Positive
0,1,0.80853695,1,0.3599999999999999,False Positive
0,1,0.8063057,1,0.3599999999999999,False Positive
0,1,0.8025856,1,0.3599999999999999,False Positive
0,1,0.80168754,1,0.3599999999999999,False Positive
0,1,0.7983851,1,0.3599999999999999,False Positive
0,1,0.7974888,1,0.3599999999999999,False Positive
0,1,0.79361206,1,0.3599999999999999,False Positive
0,1,0.7918712,1,0.3599999999999999,False Positive
0,1,0.79099107,1,0.3599999999999999,False Positive
0,1,0.7909285,1,0.3599999999999999,False Positive
0,1,0.7884631,1,0.3599999999999999,False Positive
0,1,0.7882711,1,0.3599999999999999,False Positive
0,1,0.78646547,1,0.3599999999999999,False Positive
0,1,0.786329,1,0.3599999999999999,False Positive
0,1,0.78398395,1,0.3599999999999999,False Positive
0,1,0.7838262,1,0.3599999999999999,False Positive
0,1,0.78275615,1,0.3599999999999999,False Positive
0,1,0.7823567,1,0.3599999999999999,False Positive
0,1,0.78217727,1,0.3599999999999999,False Positive
0,1,0.78176564,1,0.3599999999999999,False Positive
0,1,0.7813262,1,0.3599999999999999,False Positive
0,1,0.7806707,1,0.3599999999999999,False Positive
0,1,0.7803749,1,0.3599999999999999,False Positive
0,1,0.78027123,1,0.3599999999999999,False Positive
0,1,0.78003603,1,0.3599999999999999,False Positive
0,1,0.777685,1,0.3599999999999999,False Positive
0,1,0.7752026,1,0.3599999999999999,False Positive
0,1,0.7745971,1,0.3599999999999999,False Positive
0,1,0.7738838,1,0.3599999999999999,False Positive
0,1,0.7728166,1,0.3599999999999999,False Positive
0,1,0.7716972,1,0.3599999999999999,False Positive
0,1,0.77058893,1,0.3599999999999999,False Positive
0,1,0.76918674,1,0.3599999999999999,False Positive
0,1,0.76829654,1,0.3599999999999999,False Positive
0,1,0.7677143,1,0.3599999999999999,False Positive
0,1,0.7667077,1,0.3599999999999999,False Positive
0,1,0.7665835,1,0.3599999999999999,False Positive
0,1,0.76628035,1,0.3599999999999999,False Positive
0,1,0.7662456,1,0.3599999999999999,False Positive
0,1,0.765714,1,0.3599999999999999,False Positive
0,1,0.7655084,1,0.3599999999999999,False Positive
0,1,0.7652651,1,0.3599999999999999,False Positive
0,1,0.76375246,1,0.3599999999999999,False Positive
0,1,0.7635892,1,0.3599999999999999,False Positive
0,1,0.7631348,1,0.3599999999999999,False Positive
0,1,0.7630221,1,0.3599999999999999,False Positive
0,1,0.76260114,1,0.3599999999999999,False Positive
0,1,0.7608264,1,0.3599999999999999,False Positive
0,1,0.7604111,1,0.3599999999999999,False Positive
0,1,0.7601409,1,0.3599999999999999,False Positive
0,1,0.75941473,1,0.3599999999999999,False Positive
0,1,0.7591878,1,0.3599999999999999,False Positive
0,1,0.7591193,1,0.3599999999999999,False Positive
0,1,0.7574542,1,0.3599999999999999,False Positive
0,1,0.7558916,1,0.3599999999999999,False Positive
0,1,0.7548407,1,0.3599999999999999,False Positive
0,1,0.75391316,1,0.3599999999999999,False Positive
0,1,0.75246185,1,0.3599999999999999,False Positive
0,1,0.75162995,1,0.3599999999999999,False Positive
0,1,0.74987507,1,0.3599999999999999,False Positive
0,1,0.74911237,1,0.3599999999999999,False Positive
0,1,0.7485336,1,0.3599999999999999,False Positive
0,1,0.74821734,1,0.3599999999999999,False Positive
0,1,0.74804884,1,0.3599999999999999,False Positive
0,1,0.7471387,1,0.3599999999999999,False Positive
0,1,0.74684685,1,0.3599999999999999,False Positive
0,1,0.7458454,1,0.3599999999999999,False Positive
0,1,0.74574167,1,0.3599999999999999,False Positive
0,1,0.7443127,1,0.3599999999999999,False Positive
0,1,0.7433406,1,0.3599999999999999,False Positive
0,1,0.74296653,1,0.3599999999999999,False Positive
0,1,0.7422411,1,0.3599999999999999,False Positive
0,1,0.74154484,1,0.3599999999999999,False Positive
0,1,0.7415167,1,0.3599999999999999,False Positive
0,1,0.73797977,1,0.3599999999999999,False Positive
0,1,0.7373121,1,0.3599999999999999,False Positive
0,1,0.7373053,1,0.3599999999999999,False Positive
0,1,0.73551726,1,0.3599999999999999,False Positive
0,1,0.7327191,1,0.3599999999999999,False Positive
0,1,0.73077834,1,0.3599999999999999,False Positive
0,1,0.73067135,1,0.3599999999999999,False Positive
0,1,0.7299887,1,0.3599999999999999,False Positive
0,1,0.729942,1,0.3599999999999999,False Positive
0,1,0.7290474,1,0.3599999999999999,False Positive
0,1,0.7277466,1,0.3599999999999999,False Positive
0,1,0.72759736,1,0.3599999999999999,False Positive
0,1,0.727246,1,0.3599999999999999,False Positive
0,1,0.7262387,1,0.3599999999999999,False Positive
0,1,0.726084,1,0.3599999999999999,False Positive
0,1,0.7260636,1,0.3599999999999999,False Positive
0,1,0.7231725,1,0.3599999999999999,False Positive
0,1,0.7223828,1,0.3599999999999999,False Positive
0,1,0.7223509,1,0.3599999999999999,False Positive
0,1,0.72226137,1,0.3599999999999999,False Positive
0,1,0.72186226,1,0.3599999999999999,False Positive
0,1,0.7213986,1,0.3599999999999999,False Positive
0,1,0.7211911,1,0.3599999999999999,False Positive
0,1,0.72110873,1,0.3599999999999999,False Positive
0,1,0.7202472,1,0.3599999999999999,False Positive
0,1,0.7200304,1,0.3599999999999999,False Positive
0,1,0.71891594,1,0.3599999999999999,False Positive
0,1,0.7185928,1,0.3599999999999999,False Positive
0,1,0.717856,1,0.3599999999999999,False Positive
0,1,0.71761936,1,0.3599999999999999,False Positive
0,1,0.71664757,1,0.3599999999999999,False Positive
0,1,0.7164778,1,0.3599999999999999,False Positive
0,1,0.7133174,1,0.3599999999999999,False Positive
0,1,0.712714,1,0.3599999999999999,False Positive
0,1,0.71250165,1,0.3599999999999999,False Positive
0,1,0.711897,1,0.3599999999999999,False Positive
0,1,0.7099393,1,0.3599999999999999,False Positive
0,1,0.7099164,1,0.3599999999999999,False Positive
0,1,0.70934886,1,0.3599999999999999,False Positive
0,1,0.7090973,1,0.3599999999999999,False Positive
0,1,0.7083748,1,0.3599999999999999,False Positive
0,1,0.7082569,1,0.3599999999999999,False Positive
0,1,0.7064449,1,0.3599999999999999,False Positive
0,1,0.7063584,1,0.3599999999999999,False Positive
0,1,0.7060242,1,0.3599999999999999,False Positive
0,1,0.7059937,1,0.3599999999999999,False Positive
0,1,0.705981,1,0.3599999999999999,False Positive
0,1,0.7057011,1,0.3599999999999999,False Positive
0,1,0.70523876,1,0.3599999999999999,False Positive
0,1,0.70379645,1,0.3599999999999999,False Positive
0,1,0.70315075,1,0.3599999999999999,False Positive
0,1,0.703003,1,0.3599999999999999,False Positive
0,1,0.7028481,1,0.3599999999999999,False Positive
0,1,0.7021199,1,0.3599999999999999,False Positive
0,1,0.7014962,1,0.3599999999999999,False Positive
0,1,0.69941205,1,0.3599999999999999,False Positive
0,1,0.6977049,1,0.3599999999999999,False Positive
0,1,0.69760644,1,0.3599999999999999,False Positive
0,1,0.69461757,1,0.3599999999999999,False Positive
0,1,0.6939657,1,0.3599999999999999,False Positive
0,1,0.6937686,1,0.3599999999999999,False Positive
0,1,0.6934609,1,0.3599999999999999,False Positive
0,1,0.6934392,1,0.3599999999999999,False Positive
0,1,0.6909183,1,0.3599999999999999,False Positive
0,1,0.690679,1,0.3599999999999999,False Positive
0,1,0.68983346,1,0.3599999999999999,False Positive
0,1,0.68974906,1,0.3599999999999999,False Positive
0,1,0.6887094,1,0.3599999999999999,False Positive
0,1,0.6884037,1,0.3599999999999999,False Positive
0,1,0.68761134,1,0.3599999999999999,False Positive
0,1,0.6866784,1,0.3599999999999999,False Positive
0,1,0.68650967,1,0.3599999999999999,False Positive
0,1,0.6858058,1,0.3599999999999999,False Positive
0,1,0.68502045,1,0.3599999999999999,False Positive
0,1,0.6850055,1,0.3599999999999999,False Positive
0,1,0.68488127,1,0.3599999999999999,False Positive
0,1,0.6846517,1,0.3599999999999999,False Positive
0,1,0.6841971,1,0.3599999999999999,False Positive
0,1,0.6840587,1,0.3599999999999999,False Positive
0,1,0.6831717,1,0.3599999999999999,False Positive
0,1,0.6825575,1,0.3599999999999999,False Positive
0,1,0.6801248,1,0.3599999999999999,False Positive
0,1,0.6798776,1,0.3599999999999999,False Positive
0,1,0.67928845,1,0.3599999999999999,False Positive
0,1,0.6789854,1,0.3599999999999999,False Positive
0,1,0.6788988,1,0.3599999999999999,False Positive
0,1,0.67868614,1,0.3599999999999999,False Positive
0,1,0.67813087,1,0.3599999999999999,False Positive
0,1,0.6776071,1,0.3599999999999999,False Positive
0,1,0.67759466,1,0.3599999999999999,False Positive
0,1,0.6775576,1,0.3599999999999999,False Positive
0,1,0.67726576,1,0.3599999999999999,False Positive
0,1,0.6764375,1,0.3599999999999999,False Positive
0,1,0.67628926,1,0.3599999999999999,False Positive
0,1,0.676276,1,0.3599999999999999,False Positive
0,1,0.6760549,1,0.3599999999999999,False Positive
0,1,0.6760343,1,0.3599999999999999,False Positive
0,1,0.6757609,1,0.3599999999999999,False Positive
0,1,0.6757213,1,0.3599999999999999,False Positive
0,1,0.67523384,1,0.3599999999999999,False Positive
0,1,0.67468345,1,0.3599999999999999,False Positive
0,1,0.6744196,1,0.3599999999999999,False Positive
0,1,0.67438614,1,0.3599999999999999,False Positive
0,1,0.67355394,1,0.3599999999999999,False Positive
0,1,0.67298615,1,0.3599999999999999,False Positive
0,1,0.672417,1,0.3599999999999999,False Positive
0,1,0.67208695,1,0.3599999999999999,False Positive
0,1,0.67178917,1,0.3599999999999999,False Positive
0,1,0.67142594,1,0.3599999999999999,False Positive
0,1,0.6709837,1,0.3599999999999999,False Positive
0,1,0.6708215,1,0.3599999999999999,False Positive
0,1,0.67054796,1,0.3599999999999999,False Positive
0,1,0.6696173,1,0.3599999999999999,False Positive
0,1,0.6695541,1,0.3599999999999999,False Positive
0,1,0.6693679,1,0.3599999999999999,False Positive
0,1,0.6691736,1,0.3599999999999999,False Positive
0,1,0.6690031,1,0.3599999999999999,False Positive
0,1,0.66836387,1,0.3599999999999999,False Positive
0,1,0.66746116,1,0.3599999999999999,False Positive
0,1,0.6674584,1,0.3599999999999999,False Positive
0,1,0.66692877,1,0.3599999999999999,False Positive
0,1,0.6660163,1,0.3599999999999999,False Positive
0,1,0.6656424,1,0.3599999999999999,False Positive
0,1,0.6647207,1,0.3599999999999999,False Positive
0,1,0.6646319,1,0.3599999999999999,False Positive
0,1,0.6641376,1,0.3599999999999999,False Positive
0,1,0.66396296,1,0.3599999999999999,False Positive
0,1,0.66381943,1,0.3599999999999999,False Positive
0,1,0.6637494,1,0.3599999999999999,False Positive
0,1,0.6636692,1,0.3599999999999999,False Positive
0,1,0.66350496,1,0.3599999999999999,False Positive
0,1,0.6620684,1,0.3599999999999999,False Positive
0,1,0.6620216,1,0.3599999999999999,False Positive
0,1,0.66196185,1,0.3599999999999999,False Positive
0,1,0.66184205,1,0.3599999999999999,False Positive
0,1,0.6614825,1,0.3599999999999999,False Positive
0,1,0.660885,1,0.3599999999999999,False Positive
0,1,0.66044384,1,0.3599999999999999,False Positive
0,1,0.66042703,1,0.3599999999999999,False Positive
0,1,0.6601466,1,0.3599999999999999,False Positive
0,1,0.6601157,1,0.3599999999999999,False Positive
0,1,0.658236,1,0.3599999999999999,False Positive
0,1,0.65795183,1,0.3599999999999999,False Positive
0,1,0.6576738,1,0.3599999999999999,False Positive
0,1,0.6576304,1,0.3599999999999999,False Positive
0,1,0.6575062,1,0.3599999999999999,False Positive
0,1,0.6567879,1,0.3599999999999999,False Positive
0,1,0.65667814,1,0.3599999999999999,False Positive
0,1,0.6565944,1,0.3599999999999999,False Positive
0,1,0.6565128,1,0.3599999999999999,False Positive
0,1,0.6564925,1,0.3599999999999999,False Positive
0,1,0.6563788,1,0.3599999999999999,False Positive
0,1,0.65600574,1,0.3599999999999999,False Positive
0,1,0.6554663,1,0.3599999999999999,False Positive
0,1,0.65521055,1,0.3599999999999999,False Positive
0,1,0.65421194,1,0.3599999999999999,False Positive
0,1,0.6535379,1,0.3599999999999999,False Positive
0,1,0.6522578,1,0.3599999999999999,False Positive
0,1,0.6520928,1,0.3599999999999999,False Positive
0,1,0.6517786,1,0.3599999999999999,False Positive
0,1,0.65035874,1,0.3599999999999999,False Positive
0,1,0.64955634,1,0.3599999999999999,False Positive
0,1,0.6484003,1,0.3599999999999999,False Positive
0,1,0.648197,1,0.3599999999999999,False Positive
0,1,0.6480279,1,0.3599999999999999,False Positive
0,1,0.64632994,1,0.3599999999999999,False Positive
0,1,0.6458924,1,0.3599999999999999,False Positive
0,1,0.6452119,1,0.3599999999999999,False Positive
0,1,0.6447239,1,0.3599999999999999,False Positive
0,1,0.6446898,1,0.3599999999999999,False Positive
0,1,0.6445994,1,0.3599999999999999,False Positive
0,1,0.6440482,1,0.3599999999999999,False Positive
0,1,0.6438259,1,0.3599999999999999,False Positive
0,1,0.6400329,1,0.3599999999999999,False Positive
0,1,0.6389156,1,0.3599999999999999,False Positive
0,1,0.6384658,1,0.3599999999999999,False Positive
0,1,0.6376128,1,0.3599999999999999,False Positive
0,1,0.63758177,1,0.3599999999999999,False Positive
0,1,0.63609207,1,0.3599999999999999,False Positive
0,1,0.6350924,1,0.3599999999999999,False Positive
0,1,0.6338236,1,0.3599999999999999,False Positive
0,1,0.63323045,1,0.3599999999999999,False Positive
0,1,0.63259125,1,0.3599999999999999,False Positive
0,1,0.6314865,1,0.3599999999999999,False Positive
0,1,0.6314389,1,0.3599999999999999,False Positive
0,1,0.63071007,1,0.3599999999999999,False Positive
0,1,0.63046366,1,0.3599999999999999,False Positive
0,1,0.6289798,1,0.3599999999999999,False Positive
0,1,0.62839836,1,0.3599999999999999,False Positive
0,1,0.62838316,1,0.3599999999999999,False Positive
0,1,0.6283082,1,0.3599999999999999,False Positive
0,1,0.6282092,1,0.3599999999999999,False Positive
0,1,0.62804383,1,0.3599999999999999,False Positive
0,1,0.6275115,1,0.3599999999999999,False Positive
0,1,0.6274791,1,0.3599999999999999,False Positive
0,1,0.6270009,1,0.3599999999999999,False Positive
0,1,0.6265564,1,0.3599999999999999,False Positive
0,1,0.6264751,1,0.3599999999999999,False Positive
0,1,0.62562776,1,0.3599999999999999,False Positive
0,1,0.6252288,1,0.3599999999999999,False Positive
0,1,0.62461764,1,0.3599999999999999,False Positive
0,1,0.62397206,1,0.3599999999999999,False Positive
0,1,0.62331843,1,0.3599999999999999,False Positive
0,1,0.62299466,1,0.3599999999999999,False Positive
0,1,0.6227979,1,0.3599999999999999,False Positive
0,1,0.6225233,1,0.3599999999999999,False Positive
0,1,0.6224997,1,0.3599999999999999,False Positive
0,1,0.622452,1,0.3599999999999999,False Positive
0,1,0.6215673,1,0.3599999999999999,False Positive
0,1,0.62099814,1,0.3599999999999999,False Positive
0,1,0.6208691,1,0.3599999999999999,False Positive
0,1,0.6202108,1,0.3599999999999999,False Positive
0,1,0.6197558,1,0.3599999999999999,False Positive
0,1,0.6191352,1,0.3599999999999999,False Positive
0,1,0.61905754,1,0.3599999999999999,False Positive
0,1,0.6186311,1,0.3599999999999999,False Positive
0,1,0.6179798,1,0.3599999999999999,False Positive
0,1,0.61775047,1,0.3599999999999999,False Positive
0,1,0.61733305,1,0.3599999999999999,False Positive
0,1,0.6169947,1,0.3599999999999999,False Positive
0,1,0.61489534,1,0.3599999999999999,False Positive
0,1,0.6143692,1,0.3599999999999999,False Positive
0,1,0.6140089,1,0.3599999999999999,False Positive
0,1,0.6136107,1,0.3599999999999999,False Positive
0,1,0.6135125,1,0.3599999999999999,False Positive
0,1,0.61325705,1,0.3599999999999999,False Positive
0,1,0.61277884,1,0.3599999999999999,False Positive
0,1,0.6127316,1,0.3599999999999999,False Positive
0,1,0.6126664,1,0.3599999999999999,False Positive
0,1,0.61230695,1,0.3599999999999999,False Positive
0,1,0.61081284,1,0.3599999999999999,False Positive
0,1,0.61026084,1,0.3599999999999999,False Positive
0,1,0.60936856,1,0.3599999999999999,False Positive
0,1,0.60883075,1,0.3599999999999999,False Positive
0,1,0.60869,1,0.3599999999999999,False Positive
0,1,0.60863763,1,0.3599999999999999,False Positive
0,1,0.60658014,1,0.3599999999999999,False Positive
0,1,0.60530037,1,0.3599999999999999,False Positive
0,1,0.6044239,1,0.3599999999999999,False Positive
0,1,0.60400015,1,0.3599999999999999,False Positive
0,1,0.6039186,1,0.3599999999999999,False Positive
0,1,0.60378945,1,0.3599999999999999,False Positive
0,1,0.60343814,1,0.3599999999999999,False Positive
0,1,0.6034088,1,0.3599999999999999,False Positive
0,1,0.6032826,1,0.3599999999999999,False Positive
0,1,0.60315055,1,0.3599999999999999,False Positive
0,1,0.60250765,1,0.3599999999999999,False Positive
0,1,0.60242164,1,0.3599999999999999,False Positive
0,1,0.6003019,1,0.3599999999999999,False Positive
0,1,0.59984237,1,0.3599999999999999,False Positive
0,1,0.59918374,1,0.3599999999999999,False Positive
0,1,0.5984164,1,0.3599999999999999,False Positive
0,1,0.5982814,1,0.3599999999999999,False Positive
0,1,0.59809434,1,0.3599999999999999,False Positive
0,1,0.59622824,1,0.3599999999999999,False Positive
0,1,0.59612805,1,0.3599999999999999,False Positive
0,1,0.5957948,1,0.3599999999999999,False Positive
0,1,0.59533906,1,0.3599999999999999,False Positive
0,1,0.5952536,1,0.3599999999999999,False Positive
0,1,0.594973,1,0.3599999999999999,False Positive
0,1,0.5939927,1,0.3599999999999999,False Positive
0,1,0.5938824,1,0.3599999999999999,False Positive
0,1,0.5933974,1,0.3599999999999999,False Positive
0,1,0.59253913,1,0.3599999999999999,False Positive
0,1,0.5922473,1,0.3599999999999999,False Positive
0,1,0.592199,1,0.3599999999999999,False Positive
0,1,0.5915951,1,0.3599999999999999,False Positive
0,1,0.59134156,1,0.3599999999999999,False Positive
0,1,0.59070647,1,0.3599999999999999,False Positive
0,1,0.58884203,1,0.3599999999999999,False Positive
0,1,0.58852947,1,0.3599999999999999,False Positive
0,1,0.5884482,1,0.3599999999999999,False Positive
0,1,0.5877451,1,0.3599999999999999,False Positive
0,1,0.5873442,1,0.3599999999999999,False Positive
0,1,0.58640736,1,0.3599999999999999,False Positive
0,1,0.5861159,1,0.3599999999999999,False Positive
0,1,0.5846675,1,0.3599999999999999,False Positive
0,1,0.58460283,1,0.3599999999999999,False Positive
0,1,0.58346975,1,0.3599999999999999,False Positive
0,1,0.5823698,1,0.3599999999999999,False Positive
0,1,0.58224297,1,0.3599999999999999,False Positive
0,1,0.5809439,1,0.3599999999999999,False Positive
0,1,0.58088934,1,0.3599999999999999,False Positive
0,1,0.58050734,1,0.3599999999999999,False Positive
0,1,0.5800199,1,0.3599999999999999,False Positive
0,1,0.5796665,1,0.3599999999999999,False Positive
0,1,0.57947063,1,0.3599999999999999,False Positive
0,1,0.5790426,1,0.3599999999999999,False Positive
0,1,0.5790343,1,0.3599999999999999,False Positive
0,1,0.57894415,1,0.3599999999999999,False Positive
0,1,0.57885164,1,0.3599999999999999,False Positive
0,1,0.57758313,1,0.3599999999999999,False Positive
0,1,0.5775223,1,0.3599999999999999,False Positive
0,1,0.5773282,1,0.3599999999999999,False Positive
0,1,0.5772602,1,0.3599999999999999,False Positive
0,1,0.5765535,1,0.3599999999999999,False Positive
0,1,0.5765453,1,0.3599999999999999,False Positive
0,1,0.5761467,1,0.3599999999999999,False Positive
0,1,0.5756134,1,0.3599999999999999,False Positive
0,1,0.57498217,1,0.3599999999999999,False Positive
0,1,0.571852,1,0.3599999999999999,False Positive
0,1,0.57171565,1,0.3599999999999999,False Positive
0,1,0.5703781,1,0.3599999999999999,False Positive
0,1,0.570271,1,0.3599999999999999,False Positive
0,1,0.57016194,1,0.3599999999999999,False Positive
0,1,0.56929356,1,0.3599999999999999,False Positive
0,1,0.5681844,1,0.3599999999999999,False Positive
0,1,0.5680358,1,0.3599999999999999,False Positive
0,1,0.5680109,1,0.3599999999999999,False Positive
0,1,0.56783897,1,0.3599999999999999,False Positive
0,1,0.56746966,1,0.3599999999999999,False Positive
0,1,0.5669042,1,0.3599999999999999,False Positive
0,1,0.56683016,1,0.3599999999999999,False Positive
0,1,0.56654215,1,0.3599999999999999,False Positive
0,1,0.5663458,1,0.3599999999999999,False Positive
0,1,0.5659016,1,0.3599999999999999,False Positive
0,1,0.56572986,1,0.3599999999999999,False Positive
0,1,0.5649206,1,0.3599999999999999,False Positive
0,1,0.5647166,1,0.3599999999999999,False Positive
0,1,0.5644976,1,0.3599999999999999,False Positive
0,1,0.5644968,1,0.3599999999999999,False Positive
0,1,0.5643554,1,0.3599999999999999,False Positive
0,1,0.5642508,1,0.3599999999999999,False Positive
0,1,0.5627075,1,0.3599999999999999,False Positive
0,1,0.561663,1,0.3599999999999999,False Positive
0,1,0.5612374,1,0.3599999999999999,False Positive
0,1,0.5610327,1,0.3599999999999999,False Positive
0,1,0.5605053,1,0.3599999999999999,False Positive
0,1,0.56012034,1,0.3599999999999999,False Positive
0,1,0.5598183,1,0.3599999999999999,False Positive
0,1,0.55968916,1,0.3599999999999999,False Positive
0,1,0.5595475,1,0.3599999999999999,False Positive
0,1,0.55905473,1,0.3599999999999999,False Positive
0,1,0.5586133,1,0.3599999999999999,False Positive
0,1,0.5572724,1,0.3599999999999999,False Positive
0,1,0.5568771,1,0.3599999999999999,False Positive
0,1,0.55686164,1,0.3599999999999999,False Positive
0,1,0.5567652,1,0.3599999999999999,False Positive
0,1,0.55546683,1,0.3599999999999999,False Positive
0,1,0.5553316,1,0.3599999999999999,False Positive
0,1,0.55526286,1,0.3599999999999999,False Positive
0,1,0.5552187,1,0.3599999999999999,False Positive
0,1,0.55407125,1,0.3599999999999999,False Positive
0,1,0.5531055,1,0.3599999999999999,False Positive
0,1,0.552823,1,0.3599999999999999,False Positive
0,1,0.55215263,1,0.3599999999999999,False Positive
0,1,0.55189157,1,0.3599999999999999,False Positive
0,1,0.5515779,1,0.3599999999999999,False Positive
0,1,0.5515412,1,0.3599999999999999,False Positive
0,1,0.55116415,1,0.3599999999999999,False Positive
0,1,0.5510232,1,0.3599999999999999,False Positive
0,1,0.5508841,1,0.3599999999999999,False Positive
0,1,0.5507442,1,0.3599999999999999,False Positive
0,1,0.550734,1,0.3599999999999999,False Positive
0,1,0.5503647,1,0.3599999999999999,False Positive
0,1,0.5492837,1,0.3599999999999999,False Positive
0,1,0.5487533,1,0.3599999999999999,False Positive
0,1,0.5482921,1,0.3599999999999999,False Positive
0,1,0.5470227,1,0.3599999999999999,False Positive
0,1,0.5460707,1,0.3599999999999999,False Positive
0,1,0.5454474,1,0.3599999999999999,False Positive
0,1,0.5454063,1,0.3599999999999999,False Positive
0,1,0.54493517,1,0.3599999999999999,False Positive
0,1,0.5437836,1,0.3599999999999999,False Positive
0,1,0.54263586,1,0.3599999999999999,False Positive
0,1,0.54227066,1,0.3599999999999999,False Positive
0,1,0.54145205,1,0.3599999999999999,False Positive
0,1,0.54035234,1,0.3599999999999999,False Positive
0,1,0.54020274,1,0.3599999999999999,False Positive
0,1,0.5401614,1,0.3599999999999999,False Positive
0,1,0.5393095,1,0.3599999999999999,False Positive
0,1,0.53690875,1,0.3599999999999999,False Positive
0,1,0.53683007,1,0.3599999999999999,False Positive
0,1,0.53648895,1,0.3599999999999999,False Positive
0,1,0.5360983,1,0.3599999999999999,False Positive
0,1,0.53563744,1,0.3599999999999999,False Positive
0,1,0.5354853,1,0.3599999999999999,False Positive
0,1,0.53542995,1,0.3599999999999999,False Positive
0,1,0.53542525,1,0.3599999999999999,False Positive
0,1,0.53476864,1,0.3599999999999999,False Positive
0,1,0.5343506,1,0.3599999999999999,False Positive
0,1,0.53402203,1,0.3599999999999999,False Positive
0,1,0.5328453,1,0.3599999999999999,False Positive
0,1,0.5323343,1,0.3599999999999999,False Positive
0,1,0.53229743,1,0.3599999999999999,False Positive
0,1,0.53181934,1,0.3599999999999999,False Positive
0,1,0.5316917,1,0.3599999999999999,False Positive
0,1,0.5313023,1,0.3599999999999999,False Positive
0,1,0.5311803,1,0.3599999999999999,False Positive
0,1,0.5311122,1,0.3599999999999999,False Positive
0,1,0.5308258,1,0.3599999999999999,False Positive
0,1,0.5307444,1,0.3599999999999999,False Positive
0,1,0.53072685,1,0.3599999999999999,False Positive
0,1,0.5291373,1,0.3599999999999999,False Positive
0,1,0.52892476,1,0.3599999999999999,False Positive
0,1,0.5287492,1,0.3599999999999999,False Positive
0,1,0.5287326,1,0.3599999999999999,False Positive
0,1,0.5284043,1,0.3599999999999999,False Positive
0,1,0.5276186,1,0.3599999999999999,False Positive
0,1,0.52696663,1,0.3599999999999999,False Positive
0,1,0.52632725,1,0.3599999999999999,False Positive
0,1,0.5234525,1,0.3599999999999999,False Positive
0,1,0.52250546,1,0.3599999999999999,False Positive
0,1,0.5224127,1,0.3599999999999999,False Positive
0,1,0.5223866,1,0.3599999999999999,False Positive
0,1,0.5223111,1,0.3599999999999999,False Positive
0,1,0.5220925,1,0.3599999999999999,False Positive
0,1,0.5214332,1,0.3599999999999999,False Positive
0,1,0.52125037,1,0.3599999999999999,False Positive
0,1,0.5212292,1,0.3599999999999999,False Positive
0,1,0.51989704,1,0.3599999999999999,False Positive
0,1,0.51963955,1,0.3599999999999999,False Positive
0,1,0.5192667,1,0.3599999999999999,False Positive
0,1,0.51890004,1,0.3599999999999999,False Positive
0,1,0.5182914,1,0.3599999999999999,False Positive
0,1,0.5171717,1,0.3599999999999999,False Positive
0,1,0.517131,1,0.3599999999999999,False Positive
0,1,0.5168125,1,0.3599999999999999,False Positive
0,1,0.51637757,1,0.3599999999999999,False Positive
0,1,0.5163608,1,0.3599999999999999,False Positive
0,1,0.5159974,1,0.3599999999999999,False Positive
0,1,0.5158777,1,0.3599999999999999,False Positive
0,1,0.515678,1,0.3599999999999999,False Positive
0,1,0.5152393,1,0.3599999999999999,False Positive
0,1,0.51506686,1,0.3599999999999999,False Positive
0,1,0.5141882,1,0.3599999999999999,False Positive
0,1,0.5133994,1,0.3599999999999999,False Positive
0,1,0.51273155,1,0.3599999999999999,False Positive
0,1,0.51270556,1,0.3599999999999999,False Positive
0,1,0.5122147,1,0.3599999999999999,False Positive
0,1,0.51176983,1,0.3599999999999999,False Positive
0,1,0.5111469,1,0.3599999999999999,False Positive
0,1,0.5107262,1,0.3599999999999999,False Positive
0,1,0.5106903,1,0.3599999999999999,False Positive
0,1,0.51067775,1,0.3599999999999999,False Positive
0,1,0.51048917,1,0.3599999999999999,False Positive
0,1,0.50946516,1,0.3599999999999999,False Positive
0,1,0.5088971,1,0.3599999999999999,False Positive
0,1,0.507944,1,0.3599999999999999,False Positive
0,1,0.5075972,1,0.3599999999999999,False Positive
0,1,0.50759715,1,0.3599999999999999,False Positive
0,1,0.507306,1,0.3599999999999999,False Positive
0,1,0.50724965,1,0.3599999999999999,False Positive
0,1,0.5067167,1,0.3599999999999999,False Positive
0,1,0.506097,1,0.3599999999999999,False Positive
0,1,0.5058942,1,0.3599999999999999,False Positive
0,1,0.5054362,1,0.3599999999999999,False Positive
0,1,0.50473076,1,0.3599999999999999,False Positive
0,1,0.50443554,1,0.3599999999999999,False Positive
0,1,0.5040604,1,0.3599999999999999,False Positive
0,1,0.50370365,1,0.3599999999999999,False Positive
0,1,0.50348336,1,0.3599999999999999,False Positive
0,1,0.5027799,1,0.3599999999999999,False Positive
0,1,0.5020688,1,0.3599999999999999,False Positive
0,1,0.5018417,1,0.3599999999999999,False Positive
0,1,0.5017168,1,0.3599999999999999,False Positive
0,1,0.500417,1,0.3599999999999999,False Positive
0,0,0.4997159,1,0.3599999999999999,False Positive
0,0,0.49787015,1,0.3599999999999999,False Positive
0,0,0.4974568,1,0.3599999999999999,False Positive
0,0,0.49722657,1,0.3599999999999999,False Positive
0,0,0.49651766,1,0.3599999999999999,False Positive
0,0,0.4962793,1,0.3599999999999999,False Positive
0,0,0.49544674,1,0.3599999999999999,False Positive
0,0,0.49544564,1,0.3599999999999999,False Positive
0,0,0.49519792,1,0.3599999999999999,False Positive
0,0,0.4949172,1,0.3599999999999999,False Positive
0,0,0.49452168,1,0.3599999999999999,False Positive
0,0,0.49370646,1,0.3599999999999999,False Positive
0,0,0.49320638,1,0.3599999999999999,False Positive
0,0,0.49282143,1,0.3599999999999999,False Positive
0,0,0.49275586,1,0.3599999999999999,False Positive
0,0,0.49273047,1,0.3599999999999999,False Positive
0,0,0.49181435,1,0.3599999999999999,False Positive
0,0,0.49096784,1,0.3599999999999999,False Positive
0,0,0.49093568,1,0.3599999999999999,False Positive
0,0,0.49031162,1,0.3599999999999999,False Positive
0,0,0.48979986,1,0.3599999999999999,False Positive
0,0,0.48979092,1,0.3599999999999999,False Positive
0,0,0.48977542,1,0.3599999999999999,False Positive
0,0,0.4893754,1,0.3599999999999999,False Positive
0,0,0.48872,1,0.3599999999999999,False Positive
0,0,0.4884749,1,0.3599999999999999,False Positive
0,0,0.48813295,1,0.3599999999999999,False Positive
0,0,0.48811957,1,0.3599999999999999,False Positive
0,0,0.48786077,1,0.3599999999999999,False Positive
0,0,0.48625767,1,0.3599999999999999,False Positive
0,0,0.48584497,1,0.3599999999999999,False Positive
0,0,0.4855773,1,0.3599999999999999,False Positive
0,0,0.48461017,1,0.3599999999999999,False Positive
0,0,0.484274,1,0.3599999999999999,False Positive
0,0,0.48391688,1,0.3599999999999999,False Positive
0,0,0.4826972,1,0.3599999999999999,False Positive
0,0,0.48259205,1,0.3599999999999999,False Positive
0,0,0.48249212,1,0.3599999999999999,False Positive
0,0,0.48212352,1,0.3599999999999999,False Positive
0,0,0.4818301,1,0.3599999999999999,False Positive
0,0,0.48177618,1,0.3599999999999999,False Positive
0,0,0.4814734,1,0.3599999999999999,False Positive
0,0,0.48136088,1,0.3599999999999999,False Positive
0,0,0.48130748,1,0.3599999999999999,False Positive
0,0,0.4811568,1,0.3599999999999999,False Positive
0,0,0.48053592,1,0.3599999999999999,False Positive
0,0,0.48047808,1,0.3599999999999999,False Positive
0,0,0.48000628,1,0.3599999999999999,False Positive
0,0,0.4799357,1,0.3599999999999999,False Positive
0,0,0.4795427,1,0.3599999999999999,False Positive
0,0,0.4786474,1,0.3599999999999999,False Positive
0,0,0.4784247,1,0.3599999999999999,False Positive
0,0,0.47800255,1,0.3599999999999999,False Positive
0,0,0.4774911,1,0.3599999999999999,False Positive
0,0,0.47721177,1,0.3599999999999999,False Positive
0,0,0.47684655,1,0.3599999999999999,False Positive
0,0,0.4761706,1,0.3599999999999999,False Positive
0,0,0.47538728,1,0.3599999999999999,False Positive
0,0,0.47529048,1,0.3599999999999999,False Positive
0,0,0.47516218,1,0.3599999999999999,False Positive
0,0,0.47513053,1,0.3599999999999999,False Positive
0,0,0.47494298,1,0.3599999999999999,False Positive
0,0,0.47472537,1,0.3599999999999999,False Positive
0,0,0.47418448,1,0.3599999999999999,False Positive
0,0,0.47399253,1,0.3599999999999999,False Positive
0,0,0.47395495,1,0.3599999999999999,False Positive
0,0,0.47370762,1,0.3599999999999999,False Positive
0,0,0.47344753,1,0.3599999999999999,False Positive
0,0,0.47324574,1,0.3599999999999999,False Positive
0,0,0.47284368,1,0.3599999999999999,False Positive
0,0,0.47275594,1,0.3599999999999999,False Positive
0,0,0.4726774,1,0.3599999999999999,False Positive
0,0,0.47255668,1,0.3599999999999999,False Positive
0,0,0.47253087,1,0.3599999999999999,False Positive
0,0,0.47234505,1,0.3599999999999999,False Positive
0,0,0.4719109,1,0.3599999999999999,False Positive
0,0,0.47161984,1,0.3599999999999999,False Positive
0,0,0.47107512,1,0.3599999999999999,False Positive
0,0,0.47102836,1,0.3599999999999999,False Positive
0,0,0.4708862,1,0.3599999999999999,False Positive
0,0,0.47018057,1,0.3599999999999999,False Positive
0,0,0.4695218,1,0.3599999999999999,False Positive
0,0,0.469327,1,0.3599999999999999,False Positive
0,0,0.4693179,1,0.3599999999999999,False Positive
0,0,0.46840107,1,0.3599999999999999,False Positive
0,0,0.4680474,1,0.3599999999999999,False Positive
0,0,0.467786,1,0.3599999999999999,False Positive
0,0,0.46769127,1,0.3599999999999999,False Positive
0,0,0.46723738,1,0.3599999999999999,False Positive
0,0,0.46679726,1,0.3599999999999999,False Positive
0,0,0.46580046,1,0.3599999999999999,False Positive
0,0,0.46569362,1,0.3599999999999999,False Positive
0,0,0.46527445,1,0.3599999999999999,False Positive
0,0,0.4649785,1,0.3599999999999999,False Positive
0,0,0.46495306,1,0.3599999999999999,False Positive
0,0,0.46493065,1,0.3599999999999999,False Positive
0,0,0.46466878,1,0.3599999999999999,False Positive
0,0,0.46418184,1,0.3599999999999999,False Positive
0,0,0.46377766,1,0.3599999999999999,False Positive
0,0,0.46373662,1,0.3599999999999999,False Positive
0,0,0.46296725,1,0.3599999999999999,False Positive
0,0,0.46250486,1,0.3599999999999999,False Positive
0,0,0.46169963,1,0.3599999999999999,False Positive
0,0,0.46150655,1,0.3599999999999999,False Positive
0,0,0.46116307,1,0.3599999999999999,False Positive
0,0,0.46116257,1,0.3599999999999999,False Positive
0,0,0.45973238,1,0.3599999999999999,False Positive
0,0,0.45955834,1,0.3599999999999999,False Positive
0,0,0.45932266,1,0.3599999999999999,False Positive
0,0,0.45849138,1,0.3599999999999999,False Positive
0,0,0.45836073,1,0.3599999999999999,False Positive
0,0,0.45791325,1,0.3599999999999999,False Positive
0,0,0.45738807,1,0.3599999999999999,False Positive
0,0,0.45686093,1,0.3599999999999999,False Positive
0,0,0.45673266,1,0.3599999999999999,False Positive
0,0,0.45662472,1,0.3599999999999999,False Positive
0,0,0.4564469,1,0.3599999999999999,False Positive
0,0,0.45575032,1,0.3599999999999999,False Positive
0,0,0.45560938,1,0.3599999999999999,False Positive
0,0,0.45556083,1,0.3599999999999999,False Positive
0,0,0.45522186,1,0.3599999999999999,False Positive
0,0,0.45489737,1,0.3599999999999999,False Positive
0,0,0.4546866,1,0.3599999999999999,False Positive
0,0,0.45447674,1,0.3599999999999999,False Positive
0,0,0.4540437,1,0.3599999999999999,False Positive
0,0,0.4530203,1,0.3599999999999999,False Positive
0,0,0.45294687,1,0.3599999999999999,False Positive
0,0,0.4523254,1,0.3599999999999999,False Positive
0,0,0.45199278,1,0.3599999999999999,False Positive
0,0,0.45196706,1,0.3599999999999999,False Positive
0,0,0.45123428,1,0.3599999999999999,False Positive
0,0,0.4501625,1,0.3599999999999999,False Positive
0,0,0.44975573,1,0.3599999999999999,False Positive
0,0,0.44886848,1,0.3599999999999999,False Positive
0,0,0.4486472,1,0.3599999999999999,False Positive
0,0,0.4485454,1,0.3599999999999999,False Positive
0,0,0.44820288,1,0.3599999999999999,False Positive
0,0,0.44817668,1,0.3599999999999999,False Positive
0,0,0.4480292,1,0.3599999999999999,False Positive
0,0,0.447794,1,0.3599999999999999,False Positive
0,0,0.44763333,1,0.3599999999999999,False Positive
0,0,0.4470294,1,0.3599999999999999,False Positive
0,0,0.44620764,1,0.3599999999999999,False Positive
0,0,0.44564825,1,0.3599999999999999,False Positive
0,0,0.4454284,1,0.3599999999999999,False Positive
0,0,0.44540235,1,0.3599999999999999,False Positive
0,0,0.4449817,1,0.3599999999999999,False Positive
0,0,0.44459304,1,0.3599999999999999,False Positive
0,0,0.44459134,1,0.3599999999999999,False Positive
0,0,0.44338685,1,0.3599999999999999,False Positive
0,0,0.4429947,1,0.3599999999999999,False Positive
0,0,0.44273528,1,0.3599999999999999,False Positive
0,0,0.4425121,1,0.3599999999999999,False Positive
0,0,0.44232982,1,0.3599999999999999,False Positive
0,0,0.44204035,1,0.3599999999999999,False Positive
0,0,0.4420119,1,0.3599999999999999,False Positive
0,0,0.4417596,1,0.3599999999999999,False Positive
0,0,0.44122136,1,0.3599999999999999,False Positive
0,0,0.4410929,1,0.3599999999999999,False Positive
0,0,0.4406698,1,0.3599999999999999,False Positive
0,0,0.43974394,1,0.3599999999999999,False Positive
0,0,0.4395968,1,0.3599999999999999,False Positive
0,0,0.4395396,1,0.3599999999999999,False Positive
0,0,0.4391086,1,0.3599999999999999,False Positive
0,0,0.43832365,1,0.3599999999999999,False Positive
0,0,0.43804097,1,0.3599999999999999,False Positive
0,0,0.43796092,1,0.3599999999999999,False Positive
0,0,0.43681598,1,0.3599999999999999,False Positive
0,0,0.43680993,1,0.3599999999999999,False Positive
0,0,0.43561548,1,0.3599999999999999,False Positive
0,0,0.43427092,1,0.3599999999999999,False Positive
0,0,0.4334836,1,0.3599999999999999,False Positive
0,0,0.43341568,1,0.3599999999999999,False Positive
0,0,0.43239802,1,0.3599999999999999,False Positive
0,0,0.43184045,1,0.3599999999999999,False Positive
0,0,0.43178418,1,0.3599999999999999,False Positive
0,0,0.4314618,1,0.3599999999999999,False Positive
0,0,0.43134102,1,0.3599999999999999,False Positive
0,0,0.43112502,1,0.3599999999999999,False Positive
0,0,0.43078363,1,0.3599999999999999,False Positive
0,0,0.4305032,1,0.3599999999999999,False Positive
0,0,0.43014294,1,0.3599999999999999,False Positive
0,0,0.42947316,1,0.3599999999999999,False Positive
0,0,0.42940655,1,0.3599999999999999,False Positive
0,0,0.4286866,1,0.3599999999999999,False Positive
0,0,0.42822915,1,0.3599999999999999,False Positive
0,0,0.42794183,1,0.3599999999999999,False Positive
0,0,0.42763203,1,0.3599999999999999,False Positive
0,0,0.4274667,1,0.3599999999999999,False Positive
0,0,0.42702866,1,0.3599999999999999,False Positive
0,0,0.4266823,1,0.3599999999999999,False Positive
0,0,0.4264797,1,0.3599999999999999,False Positive
0,0,0.42622152,1,0.3599999999999999,False Positive
0,0,0.42613003,1,0.3599999999999999,False Positive
0,0,0.4260746,1,0.3599999999999999,False Positive
0,0,0.42605573,1,0.3599999999999999,False Positive
0,0,0.4260155,1,0.3599999999999999,False Positive
0,0,0.42594272,1,0.3599999999999999,False Positive
0,0,0.42496747,1,0.3599999999999999,False Positive
0,0,0.42469496,1,0.3599999999999999,False Positive
0,0,0.42407563,1,0.3599999999999999,False Positive
0,0,0.4240024,1,0.3599999999999999,False Positive
0,0,0.4236759,1,0.3599999999999999,False Positive
0,0,0.42340806,1,0.3599999999999999,False Positive
0,0,0.42289653,1,0.3599999999999999,False Positive
0,0,0.42238516,1,0.3599999999999999,False Positive
0,0,0.4216732,1,0.3599999999999999,False Positive
0,0,0.4214821,1,0.3599999999999999,False Positive
0,0,0.42146417,1,0.3599999999999999,False Positive
0,0,0.42080858,1,0.3599999999999999,False Positive
0,0,0.4205515,1,0.3599999999999999,False Positive
0,0,0.4197127,1,0.3599999999999999,False Positive
0,0,0.41946203,1,0.3599999999999999,False Positive
0,0,0.41937923,1,0.3599999999999999,False Positive
0,0,0.419188,1,0.3599999999999999,False Positive
0,0,0.4187216,1,0.3599999999999999,False Positive
0,0,0.41817346,1,0.3599999999999999,False Positive
0,0,0.4179287,1,0.3599999999999999,False Positive
0,0,0.41784498,1,0.3599999999999999,False Positive
0,0,0.41731477,1,0.3599999999999999,False Positive
0,0,0.417075,1,0.3599999999999999,False Positive
0,0,0.4163976,1,0.3599999999999999,False Positive
0,0,0.41590878,1,0.3599999999999999,False Positive
0,0,0.4145684,1,0.3599999999999999,False Positive
0,0,0.4144252,1,0.3599999999999999,False Positive
0,0,0.41386968,1,0.3599999999999999,False Positive
0,0,0.41361794,1,0.3599999999999999,False Positive
0,0,0.41328013,1,0.3599999999999999,False Positive
0,0,0.41327167,1,0.3599999999999999,False Positive
0,0,0.41296124,1,0.3599999999999999,False Positive
0,0,0.41268945,1,0.3599999999999999,False Positive
0,0,0.41260707,1,0.3599999999999999,False Positive
0,0,0.41166,1,0.3599999999999999,False Positive
0,0,0.41153768,1,0.3599999999999999,False Positive
0,0,0.41119248,1,0.3599999999999999,False Positive
0,0,0.41054666,1,0.3599999999999999,False Positive
0,0,0.41026878,1,0.3599999999999999,False Positive
0,0,0.40984282,1,0.3599999999999999,False Positive
0,0,0.40983817,1,0.3599999999999999,False Positive
0,0,0.4093753,1,0.3599999999999999,False Positive
0,0,0.40842164,1,0.3599999999999999,False Positive
0,0,0.40809834,1,0.3599999999999999,False Positive
0,0,0.40709504,1,0.3599999999999999,False Positive
0,0,0.40686285,1,0.3599999999999999,False Positive
0,0,0.40685079,1,0.3599999999999999,False Positive
0,0,0.40663046,1,0.3599999999999999,False Positive
0,0,0.40598217,1,0.3599999999999999,False Positive
0,0,0.4057209,1,0.3599999999999999,False Positive
0,0,0.4052698,1,0.3599999999999999,False Positive
0,0,0.40442908,1,0.3599999999999999,False Positive
0,0,0.403996,1,0.3599999999999999,False Positive
0,0,0.40350744,1,0.3599999999999999,False Positive
0,0,0.4028178,1,0.3599999999999999,False Positive
0,0,0.40146965,1,0.3599999999999999,False Positive
0,0,0.40005174,1,0.3599999999999999,False Positive
0,0,0.3997615,1,0.3599999999999999,False Positive
0,0,0.39967328,1,0.3599999999999999,False Positive
0,0,0.3995478,1,0.3599999999999999,False Positive
0,0,0.39924246,1,0.3599999999999999,False Positive
0,0,0.39903545,1,0.3599999999999999,False Positive
0,0,0.39876902,1,0.3599999999999999,False Positive
0,0,0.3986168,1,0.3599999999999999,False Positive
0,0,0.39837947,1,0.3599999999999999,False Positive
0,0,0.39827317,1,0.3599999999999999,False Positive
0,0,0.39816716,1,0.3599999999999999,False Positive
0,0,0.39794627,1,0.3599999999999999,False Positive
0,0,0.39787364,1,0.3599999999999999,False Positive
0,0,0.39786297,1,0.3599999999999999,False Positive
0,0,0.3973532,1,0.3599999999999999,False Positive
0,0,0.39700693,1,0.3599999999999999,False Positive
0,0,0.3961952,1,0.3599999999999999,False Positive
0,0,0.3960612,1,0.3599999999999999,False Positive
0,0,0.39562243,1,0.3599999999999999,False Positive
0,0,0.39503768,1,0.3599999999999999,False Positive
0,0,0.39462712,1,0.3599999999999999,False Positive
0,0,0.39439896,1,0.3599999999999999,False Positive
0,0,0.39404982,1,0.3599999999999999,False Positive
0,0,0.39388558,1,0.3599999999999999,False Positive
0,0,0.39353207,1,0.3599999999999999,False Positive
0,0,0.3933758,1,0.3599999999999999,False Positive
0,0,0.39336374,1,0.3599999999999999,False Positive
0,0,0.39335692,1,0.3599999999999999,False Positive
0,0,0.39330924,1,0.3599999999999999,False Positive
0,0,0.39287955,1,0.3599999999999999,False Positive
0,0,0.39252207,1,0.3599999999999999,False Positive
0,0,0.39214128,1,0.3599999999999999,False Positive
0,0,0.39182565,1,0.3599999999999999,False Positive
0,0,0.39074033,1,0.3599999999999999,False Positive
0,0,0.3907004,1,0.3599999999999999,False Positive
0,0,0.39046654,1,0.3599999999999999,False Positive
0,0,0.39038986,1,0.3599999999999999,False Positive
0,0,0.3898388,1,0.3599999999999999,False Positive
0,0,0.38957095,1,0.3599999999999999,False Positive
0,0,0.3894106,1,0.3599999999999999,False Positive
0,0,0.38895655,1,0.3599999999999999,False Positive
0,0,0.38861322,1,0.3599999999999999,False Positive
0,0,0.38809678,1,0.3599999999999999,False Positive
0,0,0.38766158,1,0.3599999999999999,False Positive
0,0,0.38745612,1,0.3599999999999999,False Positive
0,0,0.38672963,1,0.3599999999999999,False Positive
0,0,0.38629046,1,0.3599999999999999,False Positive
0,0,0.38614547,1,0.3599999999999999,False Positive
0,0,0.3856951,1,0.3599999999999999,False Positive
0,0,0.38566127,1,0.3599999999999999,False Positive
0,0,0.38551626,1,0.3599999999999999,False Positive
0,0,0.38536945,1,0.3599999999999999,False Positive
0,0,0.38499144,1,0.3599999999999999,False Positive
0,0,0.3849235,1,0.3599999999999999,False Positive
0,0,0.38488784,1,0.3599999999999999,False Positive
0,0,0.38485113,1,0.3599999999999999,False Positive
0,0,0.38473803,1,0.3599999999999999,False Positive
0,0,0.38464186,1,0.3599999999999999,False Positive
0,0,0.38436767,1,0.3599999999999999,False Positive
0,0,0.384299,1,0.3599999999999999,False Positive
0,0,0.38377827,1,0.3599999999999999,False Positive
0,0,0.38348982,1,0.3599999999999999,False Positive
0,0,0.3832303,1,0.3599999999999999,False Positive
0,0,0.38299024,1,0.3599999999999999,False Positive
0,0,0.3828852,1,0.3599999999999999,False Positive
0,0,0.38274667,1,0.3599999999999999,False Positive
0,0,0.38273582,1,0.3599999999999999,False Positive
0,0,0.38249773,1,0.3599999999999999,False Positive
0,0,0.38243714,1,0.3599999999999999,False Positive
0,0,0.3817502,1,0.3599999999999999,False Positive
0,0,0.38144585,1,0.3599999999999999,False Positive
0,0,0.3814204,1,0.3599999999999999,False Positive
0,0,0.38139305,1,0.3599999999999999,False Positive
0,0,0.3813508,1,0.3599999999999999,False Positive
0,0,0.38133386,1,0.3599999999999999,False Positive
0,0,0.38092497,1,0.3599999999999999,False Positive
0,0,0.3808974,1,0.3599999999999999,False Positive
0,0,0.38083395,1,0.3599999999999999,False Positive
0,0,0.38043532,1,0.3599999999999999,False Positive
0,0,0.3804105,1,0.3599999999999999,False Positive
0,0,0.38011578,1,0.3599999999999999,False Positive
0,0,0.37992576,1,0.3599999999999999,False Positive
0,0,0.37912762,1,0.3599999999999999,False Positive
0,0,0.37903306,1,0.3599999999999999,False Positive
0,0,0.3783922,1,0.3599999999999999,False Positive
0,0,0.37732574,1,0.3599999999999999,False Positive
0,0,0.37718663,1,0.3599999999999999,False Positive
0,0,0.3769123,1,0.3599999999999999,False Positive
0,0,0.37660158,1,0.3599999999999999,False Positive
0,0,0.3765123,1,0.3599999999999999,False Positive
0,0,0.37648633,1,0.3599999999999999,False Positive
0,0,0.37604228,1,0.3599999999999999,False Positive
0,0,0.37518814,1,0.3599999999999999,False Positive
0,0,0.37466517,1,0.3599999999999999,False Positive
0,0,0.37428176,1,0.3599999999999999,False Positive
0,0,0.37365425,1,0.3599999999999999,False Positive
0,0,0.37307122,1,0.3599999999999999,False Positive
0,0,0.37289575,1,0.3599999999999999,False Positive
0,0,0.3727133,1,0.3599999999999999,False Positive
0,0,0.3719682,1,0.3599999999999999,False Positive
0,0,0.37196246,1,0.3599999999999999,False Positive
0,0,0.3715344,1,0.3599999999999999,False Positive
0,0,0.37129492,1,0.3599999999999999,False Positive
0,0,0.3710088,1,0.3599999999999999,False Positive
0,0,0.37082082,1,0.3599999999999999,False Positive
0,0,0.37070665,1,0.3599999999999999,False Positive
0,0,0.37055644,1,0.3599999999999999,False Positive
0,0,0.37054846,1,0.3599999999999999,False Positive
0,0,0.3702293,1,0.3599999999999999,False Positive
0,0,0.37022275,1,0.3599999999999999,False Positive
0,0,0.36980227,1,0.3599999999999999,False Positive
0,0,0.36971048,1,0.3599999999999999,False Positive
0,0,0.36903125,1,0.3599999999999999,False Positive
0,0,0.36887166,1,0.3599999999999999,False Positive
0,0,0.3686477,1,0.3599999999999999,False Positive
0,0,0.36843354,1,0.3599999999999999,False Positive
0,0,0.3683874,1,0.3599999999999999,False Positive
0,0,0.36838588,1,0.3599999999999999,False Positive
0,0,0.36627197,1,0.3599999999999999,False Positive
0,0,0.36613193,1,0.3599999999999999,False Positive
0,0,0.3660712,1,0.3599999999999999,False Positive
0,0,0.36591676,1,0.3599999999999999,False Positive
0,0,0.36563602,1,0.3599999999999999,False Positive
0,0,0.36552662,1,0.3599999999999999,False Positive
0,0,0.3650497,1,0.3599999999999999,False Positive
0,0,0.36499697,1,0.3599999999999999,False Positive
0,0,0.3649008,1,0.3599999999999999,False Positive
0,0,0.3643298,1,0.3599999999999999,False Positive
0,0,0.36424965,1,0.3599999999999999,False Positive
0,0,0.36393514,1,0.3599999999999999,False Positive
0,0,0.36390156,1,0.3599999999999999,False Positive
0,0,0.36383006,1,0.3599999999999999,False Positive
0,0,0.36294085,1,0.3599999999999999,False Positive
0,0,0.36291978,1,0.3599999999999999,False Positive
0,0,0.36290365,1,0.3599999999999999,False Positive
0,0,0.36246905,1,0.3599999999999999,False Positive
0,0,0.36234745,1,0.3599999999999999,False Positive
0,0,0.36164883,1,0.3599999999999999,False Positive
0,0,0.36156398,1,0.3599999999999999,False Positive
0,0,0.3609083,1,0.3599999999999999,False Positive
0,0,0.3604765,1,0.3599999999999999,False Positive
0,0,0.36036184,1,0.3599999999999999,False Positive
0,0,0.36028078,1,0.3599999999999999,False Positive
