Threshold,Accuracy,Precision,Recall,Specificity,Negative Predictive Value,F1 Score,Balanced Accuracy,ROC AUC,PR AUC,Matthews Correlation Coefficient,Log Loss,True Negatives,False Positives,False Negatives,True Positives,False Positive Rate,False Negative Rate
0.1,0.6590126291618829,0.4432556362246848,0.9764309764309764,0.5399431638774865,0.9838895281933256,0.6097240473061761,0.7581870701542315,0.9050400994472673,0.7881839093508949,0.4696453098491107,0.3399088602122364,3420,2914,56,2320,0.4600568361225134,0.02356902356902357
0.11,0.6723306544202067,0.4530636292223095,0.9709595959595959,0.560309441111462,0.9809286898839138,0.6178361006963042,0.7656345185355289,0.9050400994472673,0.7881839093508949,0.4801735951380485,0.3399088602122364,3549,2785,69,2307,0.43969055888853803,0.02904040404040404
0.12,0.6864523536165327,0.4641920516441396,0.9684343434343434,0.5806757183454373,0.9800159872102319,0.6275739806354834,0.7745550308898903,0.9050400994472673,0.7881839093508949,0.4938816696926493,0.3399088602122364,3678,2656,75,2301,0.4193242816545627,0.03156565656565657
0.13,0.6981630309988519,0.47383660806618405,0.9642255892255892,0.5983580675718345,0.9780645161290322,0.6354181112189711,0.7812918283987118,0.9050400994472673,0.7881839093508949,0.5042144255776619,0.3399088602122364,3790,2544,85,2291,0.4016419324281655,0.03577441077441077
0.13999999999999999,0.7090700344431687,0.48324140857021636,0.9587542087542088,0.6154089043258605,0.9754754754754755,0.6425952045133991,0.7870815565400346,0.9050400994472673,0.7881839093508949,0.5132039693592243,0.3399088602122364,3898,2436,98,2278,0.38459109567413957,0.041245791245791245
0.14999999999999997,0.7183696900114811,0.4916431517256349,0.9532828282828283,0.6302494474265867,0.9729466244211552,0.6487183159100673,0.7917661378547075,0.9050400994472673,0.7881839093508949,0.5206756469686902,0.3399088602122364,3992,2342,111,2265,0.3697505525734133,0.04671717171717172
0.15999999999999998,0.7276693455797933,0.5004442470013327,0.9482323232323232,0.6449321124092201,0.9707699619771863,0.6551323059028787,0.7965822178207717,0.9050400994472673,0.7881839093508949,0.5286846984120304,0.3399088602122364,4085,2249,123,2253,0.3550678875907799,0.05176767676767677
0.16999999999999998,0.7380022962112515,0.5107012750455373,0.944023569023569,0.6607199242185033,0.9691987031032886,0.6628250591016549,0.8023717466210362,0.9050400994472673,0.7881839093508949,0.5387173555701683,0.3399088602122364,4185,2149,133,2243,0.33928007578149666,0.05597643097643098
0.17999999999999997,0.7440872560275545,0.5171368617393332,0.9335016835016835,0.6730344174297442,0.9642614793033251,0.6655663915978994,0.8032680504657139,0.9050400994472673,0.7881839093508949,0.540356801355245,0.3399088602122364,4263,2071,158,2218,0.32696558257025576,0.0664983164983165
0.18999999999999995,0.7506314580941447,0.5242857142857142,0.9267676767676768,0.684559520050521,0.9614190687361419,0.6697080291970803,0.805663598409099,0.9050400994472673,0.7881839093508949,0.5449078302666813,0.3399088602122364,4336,1998,174,2202,0.315440479949479,0.07323232323232323
0.19999999999999996,0.7579793340987371,0.5326351680467608,0.9204545454545454,0.6970318913798548,0.9589487402258905,0.6747917309472385,0.8087432184172001,0.9050400994472673,0.7881839093508949,0.5509504477939992,0.3399088602122364,4415,1919,189,2187,0.3029681086201452,0.07954545454545454
0.20999999999999996,0.7645235361653272,0.5404329435182881,0.9141414141414141,0.7083991158825387,0.9565124706885525,0.6792806880375293,0.8112702650119764,0.9050400994472673,0.7881839093508949,0.5562091886631318,0.3399088602122364,4487,1847,204,2172,0.2916008841174613,0.08585858585858586
0.21999999999999995,0.7700344431687716,0.5473951715374841,0.9065656565656566,0.7188190716766656,0.9535078534031414,0.6826176517192204,0.8126923641211611,0.9050400994472673,0.7881839093508949,0.5596937574497773,0.3399088602122364,4553,1781,222,2154,0.2811809283233344,0.09343434343434344
0.22999999999999995,0.777382319173364,0.5570347167841295,0.8981481481481481,0.7320808335964635,0.9503996720639475,0.6876107620428549,0.8151144908723058,0.9050400994472673,0.7881839093508949,0.565508495237625,0.3399088602122364,4637,1697,242,2134,0.26791916640353647,0.10185185185185185
0.23999999999999994,0.7842709529276694,0.5665684436110368,0.8901515151515151,0.7445532049257972,0.9475587703435805,0.6924210181699132,0.8173523600386562,0.9050400994472673,0.7881839093508949,0.571243353937001,0.3399088602122364,4716,1618,261,2115,0.2554467950742027,0.10984848484848485
0.24999999999999992,0.790126291618829,0.5751508502468459,0.8825757575757576,0.7554467950742028,0.9449052132701422,0.6964463633344404,0.8190112763249802,0.9050400994472673,0.7881839093508949,0.5760273406412222,0.3399088602122364,4785,1549,279,2097,0.2445532049257973,0.11742424242424243
0.2599999999999999,0.7963260619977038,0.584740990990991,0.8741582491582491,0.7671297758130723,0.9420317952694843,0.7007422402159245,0.8206440124856607,0.9050400994472673,0.7881839093508949,0.5812168955816928,0.3399088602122364,4859,1475,299,2077,0.23287022418692768,0.12584175084175084
0.2699999999999999,0.8005740528128588,0.5921546005191809,0.8640572390572391,0.7767603410167351,0.9383940492084685,0.7027212048605168,0.8204087900369871,0.9050400994472673,0.7881839093508949,0.5830822427668216,0.3399088602122364,4920,1414,323,2053,0.22323965898326492,0.13594276094276095
0.2799999999999999,0.804707233065442,0.5996457041629761,0.8547979797979798,0.7859172718661194,0.9351869246665414,0.704841228526809,0.8203576258320495,0.9050400994472673,0.7881839093508949,0.585384849802825,0.3399088602122364,4978,1356,345,2031,0.21408272813388066,0.1452020202020202
0.2899999999999999,0.8079219288174512,0.6059692493216762,0.8459595959595959,0.7936532996526682,0.932134248099388,0.7061303354997365,0.819806447806132,0.9050400994472673,0.7881839093508949,0.5866668016213065,0.3399088602122364,5027,1307,366,2010,0.20634670034733185,0.15404040404040403
0.29999999999999993,0.8126291618828932,0.6150278293135436,0.8371212121212122,0.8034417429744237,0.9293279766252739,0.7090909090909091,0.820281477547818,0.9050400994472673,0.7881839093508949,0.5905033138566078,0.3399088602122364,5089,1245,387,1989,0.19655825702557625,0.16287878787878787
0.30999999999999994,0.8159586681974742,0.6220397852857594,0.8291245791245792,0.8110198926428797,0.9267544650911059,0.7108064225148837,0.8200722358837294,0.9050400994472673,0.7881839093508949,0.5927120764051607,0.3399088602122364,5137,1197,406,1970,0.1889801073571203,0.17087542087542087
0.3199999999999999,0.8206659012629162,0.6318859364873622,0.8207070707070707,0.8206504578465424,0.9242532005689901,0.7140241669718052,0.8206787642768065,0.9050400994472673,0.7881839093508949,0.5972302926630575,0.3399088602122364,5198,1136,426,1950,0.17934954215345753,0.17929292929292928
0.32999999999999985,0.8246842709529276,0.6411706019288327,0.8114478114478114,0.8296495105778339,0.9214448535858321,0.7163291844696266,0.8205486610128226,0.9050400994472673,0.7881839093508949,0.6005757752862583,0.3399088602122364,5255,1079,448,1928,0.1703504894221661,0.18855218855218855
0.33999999999999986,0.8280137772675086,0.6496250852079073,0.8021885521885522,0.8377012946005684,0.9186288088642659,0.7178907721280603,0.8199449233945604,0.9050400994472673,0.7881839093508949,0.6030090357657703,0.3399088602122364,5306,1028,470,1906,0.16229870539943164,0.1978114478114478
0.34999999999999987,0.8312284730195177,0.6581703910614525,0.7933501683501684,0.8454373223871171,0.9160109476565172,0.7194656488549618,0.8193937453686427,0.9050400994472673,0.7881839093508949,0.6056235271089023,0.3399088602122364,5355,979,491,1885,0.15456267761288286,0.20664983164983164
0.3599999999999999,0.8332950631458094,0.6646471846044191,0.7849326599326599,0.8514366908746448,0.9134485094850948,0.7197993052875338,0.8181846754036524,0.9050400994472673,0.7881839093508949,0.6065330836419743,0.3399088602122364,5393,941,511,1865,0.14856330912535523,0.21506734006734007
0.3699999999999999,0.8352468427095293,0.6716526815031011,0.7748316498316499,0.8579096937164509,0.9103702462724075,0.719562243502052,0.8163706717740504,0.9050400994472673,0.7881839093508949,0.6068525103321848,0.3399088602122364,5434,900,535,1841,0.1420903062835491,0.22516835016835016
0.3799999999999999,0.8376578645235362,0.6801498127340824,0.7643097643097643,0.8651720871487212,0.9072847682119205,0.7197780420134761,0.8147409257292427,0.9050400994472673,0.7881839093508949,0.6080949001797578,0.3399088602122364,5480,854,560,1816,0.13482791285127882,0.2356902356902357
0.3899999999999999,0.8375430539609644,0.683466972126766,0.7533670033670034,0.869119040101042,0.9037924807092431,0.7167167167167167,0.8112430217340227,0.9050400994472673,0.7881839093508949,0.6046162529117923,0.3399088602122364,5505,829,586,1790,0.130880959898958,0.24663299663299662
0.3999999999999998,0.8380022962112514,0.6873786407766991,0.7449494949494949,0.87290811493527,0.9012224938875305,0.7150070692789335,0.8089288049423824,0.9050400994472673,0.7881839093508949,0.6030519797157634,0.3399088602122364,5529,805,606,1770,0.12709188506473001,0.255050505050505
0.4099999999999998,0.8394948335246842,0.6946656050955414,0.7344276094276094,0.8789074834227976,0.8981929654727331,0.7139934533551555,0.8066675464252036,0.9050400994472673,0.7881839093508949,0.6030099223285237,0.3399088602122364,5567,767,631,1745,0.1210925165772024,0.26557239057239057
0.4199999999999998,0.8394948335246842,0.6989422294548413,0.7230639730639731,0.883170192611304,0.8947536788227767,0.7107985105502689,0.8031170828376386,0.9050400994472673,0.7881839093508949,0.5999322825282097,0.3399088602122364,5594,740,658,1718,0.11682980738869593,0.2769360269360269
0.4299999999999998,0.8399540757749713,0.702892561983471,0.7159090909090909,0.8864856330912535,0.8926868044515104,0.7093411175979983,0.8011973620001722,0.9050400994472673,0.7881839093508949,0.5989773518789342,0.3399088602122364,5615,719,675,1701,0.11351436690874644,0.2840909090909091
0.43999999999999984,0.839609644087256,0.7061052631578948,0.7058080808080808,0.8898010735712031,0.8896606156274665,0.7059566407072195,0.7978045771896419,0.9050400994472673,0.7881839093508949,0.5956875114280809,0.3399088602122364,5636,698,699,1677,0.11019892642879697,0.29419191919191917
0.44999999999999984,0.8405281285878301,0.7118935165306999,0.6978114478114478,0.8940637827597095,0.8874784516533458,0.7047821466524974,0.7959376152855786,0.9050400994472673,0.7881839093508949,0.5956118046738332,0.3399088602122364,5663,671,718,1658,0.1059362172402905,0.3021885521885522
0.45999999999999985,0.8411021814006888,0.7177348551360843,0.6881313131313131,0.8984843700663088,0.8847947761194029,0.7026214009454232,0.793307841598811,0.9050400994472673,0.7881839093508949,0.594519412034417,0.3399088602122364,5691,643,741,1635,0.10151562993369119,0.31186868686868685
0.46999999999999986,0.8406429391504019,0.7231255645889793,0.6738215488215489,0.9032207136090937,0.8806958128078818,0.69760348583878,0.7885211312153213,0.9050400994472673,0.7881839093508949,0.590279979092186,0.3399088602122364,5721,613,775,1601,0.09677928639090622,0.3261784511784512
0.47999999999999976,0.8408725602755454,0.72895467160037,0.6632996632996633,0.9074834227976003,0.8778252901649358,0.6945791097399736,0.7853915430486318,0.9050400994472673,0.7881839093508949,0.5885063628869113,0.3399088602122364,5748,586,800,1576,0.09251657720239975,0.3367003367003367
0.48999999999999977,0.839150401836969,0.7313716184148078,0.6485690235690236,0.9106409851594569,0.8735423292442829,0.6874860584430069,0.7796050043642402,0.9050400994472673,0.7881839093508949,0.5816132167948213,0.3399088602122364,5768,566,835,1541,0.0893590148405431,0.3514309764309764
0.4999999999999998,0.8394948335246842,0.7383040935672515,0.6376262626262627,0.915219450584149,0.8706818864523881,0.6842818428184282,0.7764228566052058,0.9050400994472673,0.7881839093508949,0.5802372691055782,0.3399088602122364,5797,537,861,1515,0.08478054941585096,0.36237373737373735
0.5099999999999998,0.839150401836969,0.743871935967984,0.6258417508417509,0.9191664035364698,0.8675309193860825,0.6797714285714286,0.7725040771891103,0.9050400994472673,0.7881839093508949,0.5772517144003074,0.3399088602122364,5822,512,889,1487,0.08083359646353015,0.37415824915824913
0.5199999999999998,0.838691159586682,0.7491021036428938,0.6144781144781145,0.922797600252605,0.8645170832717054,0.6751445086705202,0.7686378573653598,0.9050400994472673,0.7881839093508949,0.5741800129071232,0.3399088602122364,5845,489,916,1460,0.07720239974739501,0.38552188552188554
0.5299999999999998,0.8382319173363949,0.7548761201897733,0.6026936026936027,0.926586675086833,0.8614413621018641,0.6702550901006319,0.7646401388902179,0.9050400994472673,0.7881839093508949,0.57114331671504,0.3399088602122364,5869,465,944,1432,0.07341332491316703,0.39730639730639733
0.5399999999999998,0.8383467278989667,0.7621885157096425,0.5921717171717171,0.9306915061572466,0.8588286713286714,0.6665087636191378,0.7614316116644819,0.9050400994472673,0.7881839093508949,0.5698307188609076,0.3399088602122364,5895,439,969,1407,0.0693084938427534,0.4078282828282828
0.5499999999999998,0.8360505166475316,0.7639198218262806,0.5774410774410774,0.9330596779286391,0.8547873879085912,0.6577181208053692,0.7552503776848583,0.9050400994472673,0.7881839093508949,0.5620057810399656,0.3399088602122364,5910,424,1004,1372,0.06694032207136091,0.4225589225589226
0.5599999999999997,0.8361653272101033,0.7712978845054317,0.5677609427609428,0.936848752762867,0.852463726476081,0.654060606060606,0.752304847761905,0.9050400994472673,0.7881839093508949,0.5610313329902549,0.3399088602122364,5934,400,1027,1349,0.06315124723713293,0.43223905723905726
0.5699999999999997,0.8350172215843857,0.7769911504424779,0.5542929292929293,0.9403220713609094,0.8490377761938703,0.6470154753131908,0.7473075003269194,0.9050400994472673,0.7881839093508949,0.5564560161931572,0.3399088602122364,5956,378,1059,1317,0.05967792863909062,0.4457070707070707
0.5799999999999997,0.8347876004592423,0.7848024316109422,0.5433501683501684,0.9441111461951374,0.8464260438782731,0.6421288236757026,0.7437306572726529,0.9050400994472673,0.7881839093508949,0.5547066453905183,0.3399088602122364,5980,354,1085,1291,0.055888853804862644,0.45664983164983164
0.5899999999999997,0.8321469575200918,0.788510101010101,0.5256734006734006,0.9471108304389012,0.8418467583497053,0.6308080808080808,0.7363921155561509,0.9050400994472673,0.7881839093508949,0.5459146298449891,0.3399088602122364,5999,335,1127,1249,0.052889169561098834,0.4743265993265993
0.5999999999999998,0.8308840413318025,0.7949052906596995,0.5122053872053872,0.9504262709188507,0.8385569020754979,0.6229843869976964,0.7313158290621189,0.9050400994472673,0.7881839093508949,0.5413498541461889,0.3399088602122364,6020,314,1159,1217,0.049573729081149355,0.4877946127946128
0.6099999999999998,0.8295063145809415,0.8004045853000674,0.49957912457912457,0.9532680770445217,0.8354780683547807,0.6151852811609225,0.7264236008118231,0.9050400994472673,0.7881839093508949,0.5366168840696462,0.3399088602122364,6038,296,1189,1187,0.04673192295547837,0.5004208754208754
0.6199999999999998,0.8291618828932262,0.8109243697478992,0.48737373737373735,0.9573729081149353,0.8327382587201319,0.6088328075709779,0.7223733227443363,0.9050400994472673,0.7881839093508949,0.5350390591700559,0.3399088602122364,6064,270,1218,1158,0.04262709188506473,0.5126262626262627
0.6299999999999997,0.8282433983926522,0.8225806451612904,0.4722222222222222,0.9617934954215346,0.8292948543424993,0.6,0.7170078588218785,0.9050400994472673,0.7881839093508949,0.5319062067052045,0.3399088602122364,6092,242,1254,1122,0.038206504578465424,0.5277777777777778
0.6399999999999997,0.8272101033295063,0.8332058148431523,0.4583333333333333,0.9655825702557626,0.826151560178306,0.5913657344556068,0.7119579517945479,0.9050400994472673,0.7881839093508949,0.5286890176846459,0.3399088602122364,6116,218,1287,1089,0.03441742974423745,0.5416666666666666
0.6499999999999997,0.8252583237657865,0.8388888888888889,0.44486531986531985,0.967950742027155,0.8229530201342282,0.5814081408140814,0.7064080309462375,0.9050400994472673,0.7881839093508949,0.5227035206293533,0.3399088602122364,6131,203,1319,1057,0.03204925797284496,0.5551346801346801
0.6599999999999997,0.823076923076923,0.8458989229494615,0.4297138047138047,0.9706346700347331,0.8194055711048914,0.569913480323751,0.700174237374269,0.9050400994472673,0.7881839093508949,0.5160946031862839,0.3399088602122364,6148,186,1355,1021,0.029365329965266813,0.5702861952861953
0.6699999999999997,0.8195177956371986,0.8507853403141361,0.41035353535353536,0.9730028418061256,0.8147805393971443,0.5536626916524702,0.6916781885798304,0.9050400994472673,0.7881839093508949,0.505122682530887,0.3399088602122364,6163,171,1401,975,0.02699715819387433,0.5896464646464646
0.6799999999999997,0.8157290470723306,0.8546458141674333,0.390993265993266,0.9750552573413325,0.8101797192706284,0.5365290210799885,0.6830242616672992,0.9050400994472673,0.7881839093508949,0.49331369815781434,0.3399088602122364,6176,158,1447,929,0.02494474265866751,0.609006734006734
0.6899999999999997,0.8125143513203215,0.8603297769156159,0.3733164983164983,0.9772655509946322,0.8060945435603594,0.520692691517464,0.6752910246555652,0.9050400994472673,0.7881839093508949,0.4833594976652936,0.3399088602122364,6190,144,1489,887,0.022734449005367856,0.6266835016835017
0.6999999999999996,0.8095292766934558,0.8669396110542477,0.35648148148148145,0.9794758446479318,0.802275960170697,0.5052192066805845,0.6679786630647067,0.9050400994472673,0.7881839093508949,0.4741601774853097,0.3399088602122364,6204,130,1529,847,0.020524155352068203,0.6435185185185185
0.7099999999999996,0.8058553386911596,0.8735005452562704,0.3371212121212121,0.9816861383012314,0.797895547286026,0.4864864864864865,0.6594036752112218,0.9050400994472673,0.7881839093508949,0.46265106651491816,0.3399088602122364,6218,116,1575,801,0.01831386169876855,0.6628787878787878
0.7199999999999996,0.8036739380022963,0.8792710706150342,0.32491582491582494,0.9832649194821598,0.7951991828396323,0.47449293177627533,0.6540903721989924,0.9050400994472673,0.7881839093508949,0.4559152824637013,0.3399088602122364,6228,106,1604,772,0.01673508051784023,0.6750841750841751
0.7299999999999996,0.800918484500574,0.8886198547215496,0.30892255892255893,0.9854752131354594,0.7917300862506342,0.4584634603372892,0.6471988860290092,0.9050400994472673,0.7881839093508949,0.447541625820454,0.3399088602122364,6242,92,1642,734,0.014524786864540574,0.6910774410774411
0.7399999999999997,0.7971297359357061,0.8959687906371911,0.289983164983165,0.9873697505525734,0.7875582420350082,0.4381558028616852,0.6386764577678692,0.9050400994472673,0.7881839093508949,0.4354058053805971,0.3399088602122364,6254,80,1687,689,0.012630249447426587,0.710016835016835
0.7499999999999997,0.7934557979334099,0.902370990237099,0.27230639730639733,0.9889485317335017,0.7836857250093832,0.4183640478499838,0.6306274645199496,0.9050400994472673,0.7881839093508949,0.4233623725120903,0.3399088602122364,6264,70,1729,647,0.011051468266498263,0.7276936026936027
0.7599999999999997,0.7925373134328358,0.9239940387481371,0.2609427609427609,0.9919482159772656,0.7815648712526434,0.4069576632753528,0.6264454884600132,0.9050400994472673,0.7881839093508949,0.42240914055537016,0.3399088602122364,6283,51,1756,620,0.008051784022734449,0.7390572390572391
0.7699999999999997,0.7890929965556831,0.9257503949447078,0.24663299663299662,0.9925797284496369,0.7783830630184474,0.38949817215021604,0.6196063625413167,0.9050400994472673,0.7881839093508949,0.41041160229850265,0.3399088602122364,6287,47,1790,586,0.00742027155036312,0.7533670033670034
0.7799999999999997,0.7855338691159587,0.936426116838488,0.22937710437710437,0.9941585096305652,0.7747293307086615,0.3684922244759973,0.6117678070038348,0.9050400994472673,0.7881839093508949,0.39870862747418834,0.3399088602122364,6297,37,1831,545,0.0058414903694347965,0.7706228956228957
0.7899999999999996,0.7819747416762343,0.9441340782122905,0.21338383838383837,0.995263656457215,0.771320200660712,0.34809474768280124,0.6043237474205267,0.9050400994472673,0.7881839093508949,0.3863647796579864,0.3399088602122364,6304,30,1869,507,0.00473634354278497,0.7866161616161617
0.7999999999999996,0.7780711825487945,0.9511201629327902,0.19654882154882156,0.996210925165772,0.7677333008881859,0.32577607254970353,0.5963798733572968,0.9050400994472673,0.7881839093508949,0.37224455887365177,0.3399088602122364,6310,24,1909,467,0.003789074834227976,0.8034511784511784
0.8099999999999996,0.7753157290470724,0.9505376344086022,0.18602693602693604,0.9963688032838649,0.7654335961188599,0.31115804294262583,0.5911978696554004,0.9050400994472673,0.7881839093508949,0.3613725251279077,0.3399088602122364,6311,23,1934,442,0.0036311967161351435,0.813973063973064
0.8199999999999996,0.7718714121699196,0.9533799533799534,0.17213804713804715,0.9968424376381434,0.7624683009298394,0.2916221033868093,0.5844902423880953,0.9050400994472673,0.7881839093508949,0.3477993459445524,0.3399088602122364,6314,20,1967,409,0.0031575623618566467,0.8278619528619529
0.8299999999999996,0.769345579793341,0.9622166246851386,0.16077441077441076,0.9976318282286075,0.760134728738121,0.2755138838802741,0.5792031195015092,0.9050400994472673,0.7881839093508949,0.33826758806382645,0.3399088602122364,6319,15,1994,382,0.002368171771392485,0.8392255892255892
0.8399999999999996,0.76601607347876,0.9720670391061452,0.14646464646464646,0.9984212188190716,0.757183908045977,0.25457205559619606,0.5724429326418591,0.9050400994472673,0.7881839093508949,0.3250510029012466,0.3399088602122364,6324,10,2028,348,0.0015787811809283233,0.8535353535353535
0.8499999999999996,0.7638346727898967,0.973293768545994,0.13804713804713806,0.9985790969371645,0.7554042756479159,0.24179874677478805,0.5683131174921513,0.9050400994472673,0.7881839093508949,0.3155301415374431,0.3399088602122364,6325,9,2048,328,0.001420903062835491,0.8619528619528619
0.8599999999999995,0.7615384615384615,0.9807073954983923,0.12836700336700338,0.999052731291443,0.7534230265507799,0.22701898027540007,0.5637098673292232,0.9050400994472673,0.7881839093508949,0.3058475168808777,0.3399088602122364,6328,6,2071,305,0.000947268708556994,0.8716329966329966
0.8699999999999996,0.7600459242250287,0.9897260273972602,0.12163299663299663,0.9995263656457215,0.7520788785934901,0.2166416791604198,0.5605796811393591,0.9050400994472673,0.7881839093508949,0.2997942783727931,0.3399088602122364,6331,3,2087,289,0.000473634354278497,0.8783670033670034
0.8799999999999996,0.7578645235361653,1.0,0.11237373737373738,1.0,0.750207272296577,0.20204313280363223,0.5561868686868687,0.9050400994472673,0.7881839093508949,0.29035081365982673,0.3399088602122364,6334,0,2109,267,0.0,0.8876262626262627
0.8899999999999996,0.7551090700344432,1.0,0.10227272727272728,1.0,0.7480807842210937,0.18556701030927836,0.5511363636363636,0.9050400994472673,0.7881839093508949,0.2766012690184408,0.3399088602122364,6334,0,2133,243,0.0,0.8977272727272727
0.8999999999999996,0.753731343283582,1.0,0.09722222222222222,1.0,0.7470220544875575,0.17721518987341772,0.5486111111111112,0.9050400994472673,0.7881839093508949,0.26949423776082915,0.3399088602122364,6334,0,2145,231,0.0,0.9027777777777778
