Delivery Status,Shipping Mode,delivery_time,profit,inventory_demand,Order Item Quantity,inventory_efficiency
Advance shipping,Standard Class,3,-29.37999916,129.9900055,1,0.007692899128310292
Shipping on time,Standard Class,4,94.01999664,210.8500061,1,0.004742707949108283
Advance shipping,Standard Class,2,32.36000061,239.9600068,2,0.008334722217552463
Late delivery,Standard Class,5,146.1399994,327.75,1,0.0030511060259344014
Advance shipping,Standard Class,3,58.18999863,959.8400268,4,0.004167361110512921
Advance shipping,Standard Class,3,29.10000038,1499.750061,5,0.0033338888458961696
Shipping canceled,Standard Class,4,-65.25,200.0,2,0.01
Shipping on time,Second Class,2,136.5099945,327.75,1,0.0030511060259344014
Advance shipping,Standard Class,2,57.40000153,129.9900055,1,0.007692899128310292
Late delivery,Standard Class,5,11.05000019,129.9900055,1,0.007692899128310292
Late delivery,Second Class,3,1.919999957,19.98999977,1,0.050025013081828565
Late delivery,Standard Class,5,18.21999931,255.83999632,4,0.015634771957223112
Advance shipping,Standard Class,3,64.29000092,210.8500061,1,0.004742707949108283
Shipping canceled,Standard Class,3,-104.6999969,450.0,3,0.006666666666666667
Late delivery,Standard Class,5,-76.23000336,550.0,5,0.00909090909090909
Advance shipping,Standard Class,2,-0.920000017,352.0,4,0.011363636363636364
Shipping on time,Standard Class,4,28.82999992,352.0,4,0.011363636363636364
Shipping on time,Standard Class,4,-3.75,59.99000168,1,0.01666944444066233
Advance shipping,Standard Class,2,63.24000168,399.980011,1,0.002500124937493439
Late delivery,Second Class,5,4.869999886,129.9900055,1,0.007692899128310292
Late delivery,First Class,2,15.25,50.0,1,0.02
Late delivery,First Class,2,-163.5800018,959.8400268,4,0.004167361110512921
Late delivery,First Class,2,27.29999924,1499.750061,5,0.0033338888458961696
Late delivery,Standard Class,5,120.5299988,299.980011,1,0.0033335554481328427
Shipping on time,Standard Class,4,111.9899979,399.980011,1,0.002500124937493439
Shipping on time,Standard Class,4,62.99000168,1499.750061,5,0.0033338888458961696
Late delivery,Standard Class,5,44.59999847,749.7499845,5,0.006668889767746304
Late delivery,Standard Class,5,61.49000168,2499.750061,5,0.0020001999711922397
Advance shipping,Standard Class,2,54.41999817,959.8400268,4,0.004167361110512921
Late delivery,Standard Class,5,22.5,959.8400268,4,0.004167361110512921
Advance shipping,Standard Class,2,10.43999958,639.8400268,4,0.006251562628873033
Shipping on time,Standard Class,4,55.13000107,450.0,3,0.006666666666666667
Advance shipping,Standard Class,3,27.40999985,400.0,4,0.01
Late delivery,First Class,2,34.29999924,400.0,4,0.01
Shipping canceled,Standard Class,3,100.1900024,329.9899902,1,0.003030394950446591
Late delivery,First Class,2,114.8399963,1500.0,1,0.0006666666666666666
Late delivery,First Class,2,-9.020000458,59.99000168,1,0.01666944444066233
Shipping on time,Standard Class,4,-51.02000046,260.6499939,1,0.003836562529840903
Advance shipping,Standard Class,2,19.04000092,260.6499939,1,0.003836562529840903
Late delivery,Standard Class,5,-31.5,50.0,1,0.02
Advance shipping,Standard Class,3,38.24000168,239.9600068,2,0.008334722217552463
Late delivery,Standard Class,5,31.73999977,287.91000366000003,3,0.010419922760109349
Shipping on time,Standard Class,4,70.98000336,800.0,4,0.005
Advance shipping,Standard Class,3,10.19999981,639.8400268,4,0.006251562628873033
Late delivery,Second Class,4,11.44999981,39.75,1,0.025157232704402517
Shipping on time,Second Class,2,15.61999989,59.99000168,1,0.01666944444066233
Late delivery,Second Class,3,-76.0,200.0,2,0.01
Late delivery,Second Class,3,130.9400024,899.9100036,3,0.0033336666866673336
Late delivery,Second Class,3,19.12999916,399.83999632,4,0.0100040016927139
Shipping on time,Second Class,2,28.79999924,450.0,3,0.006666666666666667
Late delivery,Second Class,3,44.8199997,800.0,4,0.005
Advance shipping,Standard Class,2,27.13999939,129.9900055,1,0.007692899128310292
Advance shipping,Standard Class,2,-24.28000069,129.9900055,1,0.007692899128310292
Shipping on time,Standard Class,4,100.8000031,1250.0,5,0.004
Advance shipping,Standard Class,3,20.0,999.7499845,5,0.005001250390116911
Late delivery,First Class,2,2.789999962,99.98999786,1,0.010001000314052811
Late delivery,First Class,2,26.20000076,59.99000168,1,0.01666944444066233
Late delivery,First Class,2,13.30000019,39.99000168,1,0.02500625051236557
Late delivery,First Class,2,124.7900009,399.980011,1,0.002500124937493439
Shipping canceled,Standard Class,2,75.30999756,719.8400268,4,0.005556790190984139
Shipping canceled,Standard Class,3,75.58999634,959.8400268,4,0.004167361110512921
Advance shipping,Standard Class,3,57.59999847,800.0,4,0.005
Advance shipping,Standard Class,2,15.35999966,639.8400268,4,0.006251562628873033
Shipping canceled,Standard Class,3,1.789999962,639.8400268,4,0.006251562628873033
Late delivery,Standard Class,5,70.18000031,999.7499845,5,0.005001250390116911
Advance shipping,Standard Class,2,26.59000015,699.7499845,5,0.0071454092329458286
Late delivery,Standard Class,5,168.7299957,2499.750061,5,0.0020001999711922397
Late delivery,Standard Class,5,22.04999924,1499.750061,5,0.0033338888458961696
Late delivery,First Class,2,3.410000086,11.28999996,1,0.0885739595697926
Shipping canceled,First Class,2,54.90999985,129.9900055,1,0.007692899128310292
Late delivery,First Class,2,48.25999832,129.9900055,1,0.007692899128310292
Late delivery,First Class,2,-24.68000031,959.8400268,4,0.004167361110512921
Shipping on time,Second Class,2,4.199999809,99.98999786,1,0.010001000314052811
Late delivery,Second Class,5,19.20000076,39.99000168,1,0.02500625051236557
Late delivery,Second Class,5,172.7899933,399.980011,1,0.002500124937493439
Shipping on time,Second Class,2,146.9900055,299.980011,1,0.0033335554481328427
Late delivery,Second Class,5,68.02999878,1599.839966,4,0.0025002500781381278
Late delivery,Second Class,4,89.98999786,1499.750061,5,0.0033338888458961696
Late delivery,Second Class,4,67.87999725,999.7499845,5,0.005001250390116911
Shipping on time,Standard Class,4,-17.80999947,50.0,1,0.02
Late delivery,Standard Class,5,-71.98999786,99.98999786,1,0.010001000314052811
Late delivery,Standard Class,5,30.20999908,129.9900055,1,0.007692899128310292
Advance shipping,Standard Class,2,23.52000046,59.99000168,1,0.01666944444066233
Advance shipping,Standard Class,2,23.04000092,50.0,1,0.02
Advance shipping,Standard Class,3,2.819999933,50.0,1,0.02
Advance shipping,Standard Class,3,-213.9799957,299.980011,1,0.0033335554481328427
Advance shipping,Standard Class,3,6.039999962,129.9900055,1,0.007692899128310292
Advance shipping,Standard Class,3,7.559999943,159.96000672,2,0.012503125256182785
Late delivery,Standard Class,5,31.75,239.9600068,2,0.008334722217552463
Shipping on time,Standard Class,4,19.0,159.96000672,2,0.012503125256182785
Advance shipping,Standard Class,3,6.150000095,200.0,2,0.01
Late delivery,Standard Class,5,26.98999977,159.96000672,2,0.012503125256182785
Advance shipping,Standard Class,2,44.99000168,239.9600068,2,0.008334722217552463
Shipping on time,Standard Class,4,68.83999634,539.9100036,3,0.005556481598778808
Shipping on time,Standard Class,4,35.68999863,359.9100036,3,0.008335417104255227
Advance shipping,Standard Class,3,43.31000137,959.8400268,4,0.004167361110512921
Advance shipping,Standard Class,3,185.1999969,1599.839966,4,0.0025002500781381278
Shipping on time,Standard Class,4,-87.95999908,480.0,4,0.008333333333333333
Shipping on time,Standard Class,4,23.76000023,959.8400268,4,0.004167361110512921
Late delivery,Standard Class,5,62.38999939,959.8400268,4,0.004167361110512921
Advance shipping,Standard Class,2,-24.60000038,959.8400268,4,0.004167361110512921
Advance shipping,Standard Class,3,131.9799957,1499.750061,5,0.0033338888458961696
Late delivery,Standard Class,5,-348.0,1250.0,5,0.004
Advance shipping,Standard Class,2,98.69999695,1250.0,5,0.004
Shipping on time,Standard Class,4,220.4799957,2499.750061,5,0.0020001999711922397
Late delivery,Standard Class,5,94.48999786,2499.750061,5,0.0020001999711922397
Advance shipping,Standard Class,3,27.22999954,1250.0,5,0.004
Late delivery,Second Class,3,36.40000153,129.9900055,1,0.007692899128310292
Shipping on time,Second Class,2,132.5800018,461.480011,1,0.002166941094226506
Shipping on time,Second Class,2,34.11999893,129.9900055,1,0.007692899128310292
Late delivery,Second Class,3,35.41999817,239.9600068,2,0.008334722217552463
Shipping on time,Standard Class,4,26.84000015,1250.0,5,0.004
Late delivery,First Class,2,37.84999847,129.9900055,1,0.007692899128310292
Late delivery,First Class,2,-212.3399963,129.9900055,1,0.007692899128310292
Late delivery,First Class,2,28.12000084,299.980011,1,0.0033335554481328427
Late delivery,First Class,2,29.39999962,239.9600068,2,0.008334722217552463
Late delivery,First Class,2,55.20000076,1250.0,5,0.004
Shipping on time,Same Day,0,67.19999695,399.980011,1,0.002500124937493439
Late delivery,Second Class,3,-433.4700012,299.980011,1,0.0033335554481328427
Late delivery,Second Class,4,57.95999908,299.980011,1,0.0033335554481328427
Shipping on time,Second Class,2,52.86999893,129.9900055,1,0.007692899128310292
Late delivery,Second Class,4,114.8300018,399.980011,1,0.002500124937493439
Late delivery,Second Class,5,-310.3800049,399.980011,1,0.002500124937493439
Late delivery,Second Class,5,90.19999695,399.980011,1,0.002500124937493439
Late delivery,Second Class,5,-1.840000033,450.0,3,0.006666666666666667
Late delivery,First Class,2,18.27000046,59.99000168,1,0.01666944444066233
Late delivery,First Class,2,82.88999939,539.9100036,3,0.005556481598778808
Late delivery,First Class,2,76.01999664,539.9100036,3,0.005556481598778808
Late delivery,First Class,2,36.29000092,270.0,3,0.011111111111111112
Late delivery,First Class,2,73.51999664,1250.0,5,0.004
Late delivery,First Class,2,-174.0,1250.0,5,0.004
Late delivery,First Class,2,36.8199997,399.74998475,5,0.012507817863024946
Shipping on time,Same Day,0,63.95999908,299.980011,1,0.0033335554481328427
Late delivery,Standard Class,5,-580.9699707,399.980011,1,0.002500124937493439
Advance shipping,Standard Class,2,35.0,99.98999786,1,0.010001000314052811
Advance shipping,Standard Class,2,34.04000092,129.9900055,1,0.007692899128310292
Shipping on time,Standard Class,4,29.70000076,299.980011,1,0.0033335554481328427
Advance shipping,Standard Class,2,87.11000061,299.980011,1,0.0033335554481328427
Shipping on time,Standard Class,4,27.0699997,59.99000168,1,0.01666944444066233
Shipping on time,Standard Class,4,-157.1199951,215.8200073,1,0.004633490715297553
Late delivery,Standard Class,5,12.44999981,50.0,1,0.02
Advance shipping,Standard Class,2,161.9900055,399.980011,1,0.002500124937493439
Advance shipping,Standard Class,3,-381.269989,299.980011,1,0.0033335554481328427
Shipping on time,Standard Class,4,8.770000458,129.9900055,1,0.007692899128310292
Shipping on time,Standard Class,4,6.320000172,39.99000168,1,0.02500625051236557
Shipping on time,Standard Class,4,54.66999817,239.9600068,2,0.008334722217552463
Advance shipping,Standard Class,2,24.35000038,179.96000672,2,0.011113580380733162
Advance shipping,Standard Class,2,8.300000191,200.0,2,0.01
Shipping on time,Standard Class,4,40.02000046,200.0,2,0.01
Advance shipping,Standard Class,3,7.090000153,200.0,2,0.01
Shipping on time,Standard Class,4,-296.9700012,399.9599914,2,0.005000500157526506
Late delivery,Standard Class,5,12.25,200.0,2,0.01
Late delivery,Standard Class,5,-124.7200012,539.9100036,3,0.005556481598778808
Shipping on time,Standard Class,4,37.79000092,539.9100036,3,0.005556481598778808
Advance shipping,Standard Class,3,46.86000061,539.9100036,3,0.005556481598778808
Advance shipping,Standard Class,2,25.42000008,299.980011,1,0.0033335554481328427
Advance shipping,Standard Class,3,40.40000153,129.9900055,1,0.007692899128310292
Advance shipping,Standard Class,3,154.4499969,532.5800171,1,0.0018776521234221126
Advance shipping,Standard Class,3,54.90999985,129.9900055,1,0.007692899128310292
Late delivery,First Class,2,22.11000061,47.99000168,1,0.02083767378605351
Late delivery,First Class,2,129.4700012,399.980011,1,0.002500124937493439
Late delivery,First Class,2,-191.0899963,299.980011,1,0.0033335554481328427
Late delivery,First Class,2,52.86999893,129.9900055,1,0.007692899128310292
Late delivery,First Class,2,63.27000046,299.980011,1,0.0033335554481328427
Late delivery,First Class,2,16.21999931,59.99000168,1,0.01666944444066233
Late delivery,First Class,2,35.49000168,129.9900055,1,0.007692899128310292
Late delivery,First Class,2,10.60000038,299.980011,1,0.0033335554481328427
Late delivery,First Class,2,63.70000076,129.9900055,1,0.007692899128310292
Late delivery,First Class,2,12.60000038,200.0,2,0.01
Late delivery,First Class,2,32.45999908,959.8400268,4,0.004167361110512921
Shipping on time,Standard Class,4,87.13999939,299.980011,1,0.0033335554481328427
Shipping on time,Standard Class,4,-785.6199951,899.9100036,3,0.0033336666866673336
Shipping on time,Standard Class,4,49.72999954,450.0,3,0.006666666666666667
Shipping on time,Standard Class,4,13.94999981,450.0,3,0.006666666666666667
Late delivery,Standard Class,5,-56.24000168,959.8400268,4,0.004167361110512921
Late delivery,First Class,2,9.75,129.9900055,1,0.007692899128310292
Late delivery,First Class,2,14.64999962,39.99000168,1,0.02500625051236557
Late delivery,First Class,2,8.180000305,200.0,2,0.01
Late delivery,First Class,2,17.46999931,159.96000672,2,0.012503125256182785
Late delivery,First Class,2,63.59999847,539.9100036,3,0.005556481598778808
Late delivery,First Class,2,86.23000336,959.8400268,4,0.004167361110512921
Late delivery,Same Day,0,9.510000229,39.99000168,1,0.02500625051236557
Late delivery,Standard Class,5,-314.8299866,959.8400268,4,0.004167361110512921
Late delivery,Standard Class,5,76.43000031,959.8400268,4,0.004167361110512921
Advance shipping,Standard Class,2,153.5500031,2499.750061,5,0.0020001999711922397
Advance shipping,Standard Class,3,-165.0800018,1250.0,5,0.004
Advance shipping,Standard Class,2,85.30999756,1250.0,5,0.004
Late delivery,Standard Class,5,16.01000023,749.7499845,5,0.006668889767746304
Advance shipping,Standard Class,2,44.0,2499.750061,5,0.0020001999711922397
Late delivery,Standard Class,5,30.79999924,999.7499845,5,0.005001250390116911
Advance shipping,Standard Class,3,12.14000034,499.74998475,5,0.010005002806555863
Late delivery,Standard Class,5,37.49000168,1499.750061,5,0.0033338888458961696
Late delivery,Standard Class,5,-446.3299866,1499.750061,5,0.0033338888458961696
Late delivery,First Class,2,17.39999962,59.99000168,1,0.01666944444066233
Late delivery,First Class,2,44.34999847,299.980011,1,0.0033335554481328427
Late delivery,First Class,2,138.2299957,299.980011,1,0.0033335554481328427
Late delivery,First Class,2,14.39999962,399.9599914,2,0.005000500157526506
Late delivery,First Class,2,31.97999954,450.0,3,0.006666666666666667
Shipping on time,Same Day,0,11.10000038,129.9900055,1,0.007692899128310292
Shipping on time,Same Day,0,5.760000229,59.99000168,1,0.01666944444066233
Shipping on time,Same Day,0,23.52000046,200.0,2,0.01
Shipping on time,Same Day,0,5.619999886,224.91000366,3,0.013338668583791175
Shipping on time,Same Day,0,82.79000092,959.8400268,4,0.004167361110512921
Late delivery,Second Class,5,15.77999973,164.3800049,1,0.006083464960402858
Shipping on time,Second Class,2,101.8899994,452.0400085,1,0.0022121935695875467
Late delivery,Second Class,3,12.60999966,452.0400085,1,0.0022121935695875467
Late delivery,Second Class,3,2.0,59.99000168,1,0.01666944444066233
Late delivery,Second Class,4,37.75999832,129.9900055,1,0.007692899128310292
Advance shipping,Standard Class,3,14.34000015,39.75,1,0.025157232704402517
Shipping on time,Standard Class,4,47.77999878,450.0,3,0.006666666666666667
Late delivery,Standard Class,5,-33.54000092,639.8400268,4,0.006251562628873033
Advance shipping,Standard Class,3,-16.73999977,959.8400268,4,0.004167361110512921
Shipping canceled,Standard Class,4,-347.5,1250.0,5,0.004
Advance shipping,Standard Class,2,-15.09000015,1250.0,5,0.004
Shipping canceled,Standard Class,2,68.97000122,799.7499845,5,0.006251953856711828
Late delivery,Standard Class,5,48.84000015,2499.750061,5,0.0020001999711922397
Late delivery,Second Class,5,-42.31000137,287.83999632,4,0.013896609405015017
Late delivery,First Class,2,42.31000137,449.74998475,5,0.011117287758840775
Late delivery,Second Class,5,23.47999954,161.91000366,3,0.01852881188428478
Late delivery,Same Day,0,10.18999958,59.95999908,2,0.033355570892046785
Late delivery,Second Class,3,21.36000061,374.74998475,5,0.013342228695047332
Shipping canceled,Standard Class,2,13.55000019,134.91000366,3,0.022237046316895787
Late delivery,Standard Class,5,15.30000019,179.9900055,1,0.005555864044906649
Shipping on time,Second Class,2,30.73999977,224.91000366,3,0.013338668583791175
Shipping on time,Standard Class,4,32.33000183,224.91000366,3,0.013338668583791175
Advance shipping,Standard Class,2,1.600000024,39.95999908,2,0.05005005120235353
Shipping on time,Standard Class,4,66.15000153,249.9900055,1,0.004000159918393218
Shipping on time,Standard Class,4,6.519999981,39.99000168,1,0.02500625051236557
Late delivery,Standard Class,5,14.61999989,129.9900055,1,0.007692899128310292
Advance shipping,Standard Class,3,23.04000092,50.0,1,0.02
Shipping on time,Standard Class,4,50.09999847,129.9900055,1,0.007692899128310292
Advance shipping,Standard Class,2,-1.00999999,39.99000168,1,0.02500625051236557
Advance shipping,Standard Class,2,82.30999756,299.980011,1,0.0033335554481328427
Shipping on time,Standard Class,4,34.54999924,159.96000672,2,0.012503125256182785
Advance shipping,Standard Class,2,15.84000015,539.9100036,3,0.005556481598778808
Advance shipping,Standard Class,2,64.79000092,539.9100036,3,0.005556481598778808
Late delivery,Standard Class,5,-133.9100037,899.9100036,3,0.0033336666866673336
Advance shipping,Standard Class,3,59.84000015,539.9100036,3,0.005556481598778808
Shipping on time,Standard Class,4,45.15000153,767.8400268,4,0.005209418447056138
Advance shipping,Standard Class,2,58.09999847,800.0,4,0.005
Late delivery,Standard Class,5,17.67000008,2499.750061,5,0.0020001999711922397
Advance shipping,Standard Class,2,-159.4299927,1250.0,5,0.004
Advance shipping,Standard Class,3,-74.08000183,1250.0,5,0.004
Late delivery,First Class,2,15.77999973,59.99000168,1,0.01666944444066233
Late delivery,First Class,2,8.029999733,129.9900055,1,0.007692899128310292
Late delivery,First Class,2,57.33000183,129.9900055,1,0.007692899128310292
Late delivery,First Class,2,25.20000076,299.980011,1,0.0033335554481328427
Shipping on time,Second Class,2,8.029999733,129.9900055,1,0.007692899128310292
Late delivery,Second Class,4,119.8399963,299.980011,1,0.0033335554481328427
Late delivery,Second Class,4,17.86000061,59.99000168,1,0.01666944444066233
Late delivery,Second Class,3,-199.4900055,299.980011,1,0.0033335554481328427
Late delivery,Second Class,5,89.23000336,299.980011,1,0.0033335554481328427
Late delivery,Second Class,5,30.88999939,129.9900055,1,0.007692899128310292
Shipping on time,Second Class,2,-6.349999905,39.75,1,0.025157232704402517
Shipping on time,Second Class,2,33.95000076,200.0,2,0.01
Late delivery,Second Class,5,9.979999542,539.9100036,3,0.005556481598778808
Late delivery,Second Class,5,18.0,959.8400268,4,0.004167361110512921
Shipping on time,Second Class,2,-10.43000031,1250.0,5,0.004
Shipping on time,Standard Class,4,19.29999924,129.9900055,1,0.007692899128310292
Late delivery,Standard Class,5,204.9700012,461.480011,1,0.002166941094226506
Advance shipping,Standard Class,3,-183.3500061,129.9900055,1,0.007692899128310292
Shipping on time,Same Day,0,39.13999939,539.9100036,3,0.005556481598778808
Late delivery,Same Day,0,105.3899994,1599.839966,4,0.0025002500781381278
Late delivery,Same Day,0,72.73000336,999.7499845,5,0.005001250390116911
Shipping on time,Second Class,2,-174.9799957,357.1000061,1,0.0028003359924893604
Late delivery,Second Class,5,-385.5499878,299.980011,1,0.0033335554481328427
Late delivery,Second Class,4,10.78999996,129.9900055,1,0.007692899128310292
Late delivery,Second Class,5,14.10000038,129.9900055,1,0.007692899128310292
Late delivery,Second Class,3,-164.8999939,200.0,2,0.01
Late delivery,Second Class,3,109.8799973,899.9100036,3,0.0033336666866673336
Late delivery,Second Class,4,44.09000015,539.9100036,3,0.005556481598778808
Advance shipping,Standard Class,3,26.90999985,129.9900055,1,0.007692899128310292
Shipping on time,Standard Class,4,35.18000031,129.9900055,1,0.007692899128310292
Shipping on time,Standard Class,4,124.9400024,299.980011,1,0.0033335554481328427
Late delivery,Standard Class,5,37.70000076,129.9900055,1,0.007692899128310292
Advance shipping,Standard Class,2,10.96000004,39.99000168,1,0.02500625051236557
Advance shipping,Standard Class,2,-474.7999878,599.9899902,1,0.0016666944721305454
Advance shipping,Standard Class,2,9.949999809,129.9900055,1,0.007692899128310292
Late delivery,Standard Class,5,50.40000153,299.980011,1,0.0033335554481328427
Late delivery,Standard Class,5,92.11000061,293.0400085,1,0.003412503313519389
Shipping on time,Standard Class,4,37.83000183,129.9900055,1,0.007692899128310292
Shipping on time,Standard Class,4,45.29999924,129.9900055,1,0.007692899128310292
Advance shipping,Standard Class,2,-90.04000092,129.9900055,1,0.007692899128310292
Advance shipping,Standard Class,2,-29.25,129.9900055,1,0.007692899128310292
Shipping on time,Standard Class,4,113.9899979,399.980011,1,0.002500124937493439
Late delivery,Standard Class,5,-153.2599945,260.6499939,1,0.003836562529840903
Late delivery,First Class,2,31.29000092,129.9900055,1,0.007692899128310292
Late delivery,First Class,2,81.88999939,299.980011,1,0.0033335554481328427
Late delivery,First Class,2,3.609999895,50.0,1,0.02
Late delivery,First Class,2,65.25,299.980011,1,0.0033335554481328427
Late delivery,First Class,2,48.20999908,239.9600068,2,0.008334722217552463
Late delivery,First Class,2,33.59999847,200.0,2,0.01
Late delivery,First Class,2,89.16999817,399.9599914,2,0.005000500157526506
Late delivery,First Class,2,29.38999939,159.96000672,2,0.012503125256182785
Late delivery,First Class,2,24.89999962,239.9600068,2,0.008334722217552463
Late delivery,First Class,2,39.88999939,359.9100036,3,0.008335417104255227
Late delivery,First Class,2,56.40000153,450.0,3,0.006666666666666667
Late delivery,First Class,2,33.74000168,539.9100036,3,0.005556481598778808
Late delivery,First Class,2,0.0,351.83999632,4,0.011368804120728737
Late delivery,First Class,2,87.11000061,1499.750061,5,0.0033338888458961696
Late delivery,First Class,2,-16.39999962,999.7499845,5,0.005001250390116911
Late delivery,Same Day,0,24.98999977,59.99000168,1,0.01666944444066233
Late delivery,Same Day,0,147.1900024,399.980011,1,0.002500124937493439
Late delivery,Same Day,0,-3.299999952,47.99000168,1,0.02083767378605351
Shipping on time,Same Day,0,12.0,200.0,2,0.01
Shipping on time,Same Day,0,36.49000168,359.9100036,3,0.008335417104255227
Late delivery,Same Day,0,43.18999863,359.9100036,3,0.008335417104255227
Late delivery,Second Class,4,70.0,800.0,4,0.005
Shipping on time,Standard Class,4,12.09000015,129.9900055,1,0.007692899128310292
Shipping on time,Standard Class,4,10.55000019,39.99000168,1,0.02500625051236557
Late delivery,Standard Class,5,42.52000046,99.98999786,1,0.010001000314052811
Shipping on time,Standard Class,4,21.57999992,99.98999786,1,0.010001000314052811
Late delivery,Standard Class,5,5.630000114,59.99000168,1,0.01666944444066233
Shipping on time,Standard Class,4,30.52000046,129.9900055,1,0.007692899128310292
Advance shipping,Standard Class,2,4.800000191,50.0,1,0.02
Advance shipping,Standard Class,2,15.93000031,39.99000168,1,0.02500625051236557
Late delivery,Standard Class,5,113.3899994,399.980011,1,0.002500124937493439
Late delivery,Standard Class,5,131.0299988,299.980011,1,0.0033335554481328427
Advance shipping,Standard Class,3,105.5500031,399.980011,1,0.002500124937493439
Late delivery,Standard Class,5,24.89999962,299.980011,1,0.0033335554481328427
Late delivery,Standard Class,5,11.43999958,31.07999992,1,0.032175032257850796
Late delivery,Standard Class,5,16.53000069,59.99000168,1,0.01666944444066233
Advance shipping,Standard Class,2,22.79000092,50.0,1,0.02
Shipping on time,Standard Class,4,62.40000153,129.9900055,1,0.007692899128310292
Shipping on time,Standard Class,4,-773.5700073,532.5800171,1,0.0018776521234221126
Shipping on time,Standard Class,4,107.8000031,299.980011,1,0.0033335554481328427
Late delivery,Standard Class,5,3.599999905,11.28999996,1,0.0885739595697926
Shipping on time,Standard Class,4,10.97999954,129.9900055,1,0.007692899128310292
Advance shipping,Standard Class,3,63.0,800.0,4,0.005
Late delivery,First Class,2,82.16000366,1499.750061,5,0.0033338888458961696
Shipping on time,Same Day,0,-18.01000023,30.0,1,0.03333333333333333
Shipping on time,Same Day,0,-8.31000042,50.0,1,0.02
Shipping on time,Second Class,2,864.0,1999.98999,1,0.000500002502512525
Late delivery,Second Class,5,27.40999985,129.9900055,1,0.007692899128310292
Late delivery,Second Class,4,0.370000005,39.99000168,1,0.02500625051236557
Shipping on time,Second Class,2,18.79999924,50.0,1,0.02
Shipping on time,Second Class,2,110.5299988,293.0400085,1,0.003412503313519389
Shipping on time,Second Class,2,62.36000061,539.9100036,3,0.005556481598778808
Shipping on time,Second Class,2,-49.24000168,899.9100036,3,0.0033336666866673336
Late delivery,Second Class,4,24.29000092,359.9100036,3,0.008335417104255227
Shipping on time,Second Class,2,93.58999634,1599.839966,4,0.0025002500781381278
Late delivery,Second Class,3,151.1799927,1599.839966,4,0.0025002500781381278
Late delivery,Second Class,4,-159.4299927,1250.0,5,0.004
Advance shipping,Standard Class,2,24.89999962,1500.0,1,0.0006666666666666666
Advance shipping,Standard Class,2,55.27999878,129.9900055,1,0.007692899128310292
Advance shipping,Standard Class,2,3.450000048,39.99000168,1,0.02500625051236557
Advance shipping,Standard Class,3,23.04999924,720.0,3,0.004166666666666667
Late delivery,Second Class,5,90.68000031,585.0,3,0.005128205128205128
Shipping on time,Standard Class,4,10.43999958,119.9899979,1,0.008334027981510615
Late delivery,Second Class,5,3.75999999,79.95999908,2,0.025012506540914282
Late delivery,Second Class,3,42.47999954,499.74998475,5,0.010005002806555863
Advance shipping,Standard Class,3,14.39000034,79.95999908,2,0.025012506540914282
Shipping on time,Second Class,2,55.18999863,1279.839966,4,0.0031253907568628
Advance shipping,Standard Class,2,48.40999985,129.9900055,1,0.007692899128310292
Shipping on time,Standard Class,4,46.77000046,134.9900055,1,0.007407955843071657
Late delivery,Standard Class,5,4.599999905,11.53999996,1,0.0866551129520108
Late delivery,Standard Class,5,1.289999962,11.53999996,1,0.0866551129520108
Advance shipping,Standard Class,3,0.779999971,11.53999996,1,0.0866551129520108
Advance shipping,Standard Class,2,4.980000019,11.53999996,1,0.0866551129520108
Late delivery,Standard Class,5,58.81000137,199.9900055,1,0.005000249874986878
Late delivery,First Class,2,64.22000122,199.9900055,1,0.005000249874986878
Shipping on time,Standard Class,4,61.97000122,199.9900055,1,0.005000249874986878
Shipping on time,Same Day,0,80.63999939,199.9900055,1,0.005000249874986878
Late delivery,Second Class,3,-36.59999847,199.9900055,1,0.005000249874986878
Advance shipping,Standard Class,3,-49.79999924,199.9900055,1,0.005000249874986878
Late delivery,First Class,2,95.04000092,199.9900055,1,0.005000249874986878
Shipping on time,Standard Class,4,20.02000046,199.9900055,1,0.005000249874986878
Late delivery,Second Class,3,76.0,199.9900055,1,0.005000249874986878
Advance shipping,Standard Class,3,36.08000183,199.9900055,1,0.005000249874986878
Late delivery,Standard Class,5,76.80000305,199.9900055,1,0.005000249874986878
Advance shipping,Standard Class,3,47.04000092,199.9900055,1,0.005000249874986878
Late delivery,Second Class,4,86.94000244,199.9900055,1,0.005000249874986878
Late delivery,First Class,2,56.0,199.9900055,1,0.005000249874986878
Shipping on time,Standard Class,4,-303.980011,199.9900055,1,0.005000249874986878
Advance shipping,Standard Class,3,-27.37999916,199.9900055,1,0.005000249874986878
Late delivery,First Class,2,31.29000092,199.9900055,1,0.005000249874986878
Shipping on time,Standard Class,4,-148.7899933,199.9900055,1,0.005000249874986878
Advance shipping,Standard Class,3,45.0,199.9900055,1,0.005000249874986878
Advance shipping,Standard Class,3,48.36000061,199.9900055,1,0.005000249874986878
Shipping canceled,Standard Class,5,21.25,199.9900055,1,0.005000249874986878
Late delivery,Second Class,3,44.20000076,199.9900055,1,0.005000249874986878
Advance shipping,Standard Class,3,-47.59999847,199.9900055,1,0.005000249874986878
Advance shipping,Standard Class,2,33.0699997,199.9900055,1,0.005000249874986878
Shipping on time,Same Day,0,64.22000122,199.9900055,1,0.005000249874986878
Advance shipping,Standard Class,3,10.57999992,199.9900055,1,0.005000249874986878
Advance shipping,Standard Class,2,40.5,450.0,3,0.006666666666666667
Advance shipping,Standard Class,3,3.599999905,539.9100036,3,0.005556481598778808
Shipping on time,Standard Class,4,-89.26000214,639.8400268,4,0.006251562628873033
Advance shipping,Standard Class,3,-26.84000015,959.8400268,4,0.004167361110512921
Shipping on time,Standard Class,4,90.51000214,959.8400268,4,0.004167361110512921
Late delivery,Standard Class,5,42.56000137,639.8400268,4,0.006251562628873033
Shipping on time,Standard Class,4,59.50999832,959.8400268,4,0.004167361110512921
Late delivery,Standard Class,5,42.52999878,800.0,4,0.005
Advance shipping,Standard Class,3,-63.59999847,1499.750061,5,0.0033338888458961696
Advance shipping,Standard Class,3,79.62999725,1250.0,5,0.004
Advance shipping,Standard Class,3,52.79000092,999.7499845,5,0.005001250390116911
Shipping on time,Standard Class,4,74.55000305,1499.750061,5,0.0033338888458961696
Late delivery,Standard Class,5,38.0,399.74998475,5,0.012507817863024946
Late delivery,First Class,2,59.90000153,129.9900055,1,0.007692899128310292
Late delivery,First Class,2,64.69000244,299.980011,1,0.0033335554481328427
Late delivery,First Class,2,22.79000092,50.0,1,0.02
Late delivery,First Class,2,70.0,800.0,4,0.005
Shipping on time,Standard Class,4,2.160000086,129.9900055,1,0.007692899128310292
Shipping on time,Standard Class,4,-9.350000381,299.980011,1,0.0033335554481328427
Shipping on time,Standard Class,4,51.75,299.980011,1,0.0033335554481328427
Advance shipping,Standard Class,3,78.29000092,299.980011,1,0.0033335554481328427
Advance shipping,Standard Class,2,-11.82999992,129.9900055,1,0.007692899128310292
Shipping on time,Standard Class,4,2.400000095,129.9900055,1,0.007692899128310292
Advance shipping,Standard Class,2,131.1199951,299.980011,1,0.0033335554481328427
Late delivery,Standard Class,5,55.68000031,399.980011,1,0.002500124937493439
Advance shipping,Standard Class,3,-381.269989,299.980011,1,0.0033335554481328427
Advance shipping,Standard Class,3,15.59000015,59.99000168,1,0.01666944444066233
Advance shipping,Standard Class,2,114.8300018,299.980011,1,0.0033335554481328427
Advance shipping,Standard Class,3,31.29999924,99.98999786,1,0.010001000314052811
Shipping on time,Standard Class,4,38.0,99.98999786,1,0.010001000314052811
Shipping on time,Standard Class,4,60.52000046,129.9900055,1,0.007692899128310292
Shipping canceled,Standard Class,2,54.0,199.9900055,1,0.005000249874986878
Advance shipping,Standard Class,2,14.17000008,199.9900055,1,0.005000249874986878
Advance shipping,Standard Class,3,14.25,199.9900055,1,0.005000249874986878
Late delivery,First Class,2,-257.2900085,199.9900055,1,0.005000249874986878
Late delivery,Standard Class,5,23.25,199.9900055,1,0.005000249874986878
Late delivery,First Class,2,36.0,299.980011,1,0.0033335554481328427
Late delivery,First Class,2,47.00999832,164.3800049,1,0.006083464960402858
Late delivery,First Class,2,16.32999992,59.99000168,1,0.01666944444066233
Late delivery,First Class,2,131.1199951,299.980011,1,0.0033335554481328427
Late delivery,First Class,2,12.35000038,129.9900055,1,0.007692899128310292
Late delivery,First Class,2,11.75,50.0,1,0.02
Late delivery,Second Class,5,40.13000107,129.9900055,1,0.007692899128310292
Late delivery,Second Class,4,-98.69999695,399.980011,1,0.002500124937493439
Shipping on time,Second Class,2,46.79000092,639.8400268,4,0.006251562628873033
Late delivery,Second Class,3,56.38999939,639.8400268,4,0.006251562628873033
Advance shipping,Standard Class,2,7.619999886,129.9900055,1,0.007692899128310292
Late delivery,Standard Class,5,-36.0,299.980011,1,0.0033335554481328427
Advance shipping,Standard Class,2,-403.1700134,299.980011,1,0.0033335554481328427
Shipping on time,Standard Class,4,18.30999947,39.75,1,0.025157232704402517
Shipping on time,Standard Class,4,25.61000061,299.980011,1,0.0033335554481328427
Late delivery,Standard Class,5,7.440000057,159.96000672,2,0.012503125256182785
Late delivery,Second Class,3,110.4899979,399.980011,1,0.002500124937493439
Late delivery,Second Class,3,-22.68000031,399.980011,1,0.002500124937493439
Shipping on time,Second Class,2,47.15000153,129.9900055,1,0.007692899128310292
Late delivery,Second Class,3,117.5899963,299.980011,1,0.0033335554481328427
Late delivery,Second Class,5,133.9400024,299.980011,1,0.0033335554481328427
Late delivery,Second Class,4,89.23000336,299.980011,1,0.0033335554481328427
Shipping on time,Second Class,2,8.800000191,99.98999786,1,0.010001000314052811
Late delivery,Second Class,4,25.37000084,129.9900055,1,0.007692899128310292
Shipping on time,Second Class,2,92.05999756,299.980011,1,0.0033335554481328427
Late delivery,Second Class,3,38.40000153,200.0,2,0.01
Late delivery,Second Class,5,38.00999832,239.9600068,2,0.008334722217552463
Late delivery,Second Class,5,46.86000061,539.9100036,3,0.005556481598778808
Late delivery,Second Class,4,15.48999977,800.0,4,0.005
Late delivery,Second Class,4,11.68000031,639.8400268,4,0.006251562628873033
Late delivery,Second Class,4,-77.37000275,399.83999632,4,0.0100040016927139
Late delivery,Second Class,3,55.79000092,959.8400268,4,0.004167361110512921
Late delivery,Second Class,3,68.87000275,959.8400268,4,0.004167361110512921
Late delivery,Second Class,4,24.35000038,639.8400268,4,0.006251562628873033
Late delivery,Standard Class,5,39.58000183,129.9900055,1,0.007692899128310292
Advance shipping,Standard Class,3,9.859999657,539.9100036,3,0.005556481598778808
Advance shipping,Standard Class,2,44.63000107,450.0,3,0.006666666666666667
Shipping on time,Standard Class,4,176.3800049,1599.839966,4,0.0025002500781381278
Advance shipping,Standard Class,3,44.20000076,800.0,4,0.005
Advance shipping,Standard Class,3,45.13999939,639.8400268,4,0.006251562628873033
Shipping on time,Standard Class,4,151.3000031,1599.839966,4,0.0025002500781381278
Shipping on time,Standard Class,4,7.829999924,639.8400268,4,0.006251562628873033
Late delivery,First Class,2,-1.720000029,50.0,1,0.02
Late delivery,First Class,2,-79.98000336,999.7499845,5,0.005001250390116911
Late delivery,Same Day,0,31.94000053,200.0,2,0.01
Shipping on time,Second Class,2,44.59000015,129.9900055,1,0.007692899128310292
Late delivery,Second Class,5,18.45000076,299.980011,1,0.0033335554481328427
Late delivery,Second Class,4,-3.0,39.99000168,1,0.02500625051236557
Shipping on time,Standard Class,4,67.19000244,959.8400268,4,0.004167361110512921
Late delivery,Standard Class,5,119.9899979,2499.750061,5,0.0020001999711922397
Advance shipping,Standard Class,3,122.7399979,1499.750061,5,0.0033338888458961696
Late delivery,First Class,2,56.77999878,129.9900055,1,0.007692899128310292
Late delivery,First Class,2,116.1900024,399.980011,1,0.002500124937493439
Late delivery,First Class,2,104.75,399.980011,1,0.002500124937493439
Late delivery,First Class,2,124.7900009,399.980011,1,0.002500124937493439
Shipping canceled,First Class,2,122.3899994,299.980011,1,0.0033335554481328427
Late delivery,First Class,2,188.2799988,461.480011,1,0.002166941094226506
Late delivery,First Class,2,21.60000038,59.99000168,1,0.01666944444066233
Late delivery,First Class,2,10.46000004,50.0,1,0.02
Late delivery,First Class,2,71.05000305,539.9100036,3,0.005556481598778808
Late delivery,First Class,2,-310.3200073,999.7499845,5,0.005001250390116911
Late delivery,First Class,2,96.01999664,999.7499845,5,0.005001250390116911
Late delivery,First Class,2,105.5999985,1250.0,5,0.004
Late delivery,First Class,2,49.27000046,999.7499845,5,0.005001250390116911
Shipping canceled,Same Day,0,132.2899933,299.980011,1,0.0033335554481328427
Shipping on time,Same Day,0,23.65999985,159.96000672,2,0.012503125256182785
Shipping on time,Same Day,0,1.350000024,539.9100036,3,0.005556481598778808
Late delivery,Second Class,5,-26.01000023,51.99000168,1,0.0192344675454144
Late delivery,Second Class,3,140.8399963,399.980011,1,0.002500124937493439
Late delivery,Second Class,4,13.35999966,34.99000168,1,0.028579592797550277
Shipping on time,Second Class,2,53.93999863,399.9599914,2,0.005000500157526506
Late delivery,First Class,2,14.77999973,199.9900055,1,0.005000249874986878
Late delivery,Standard Class,5,58.09999847,199.9900055,1,0.005000249874986878
Late delivery,First Class,2,-52.20000076,199.9900055,1,0.005000249874986878
Advance shipping,Standard Class,3,3.700000048,199.9900055,1,0.005000249874986878
Shipping on time,Standard Class,4,67.5,199.9900055,1,0.005000249874986878
Late delivery,Same Day,0,60.47999954,199.9900055,1,0.005000249874986878
Late delivery,Second Class,3,42.68000031,199.9900055,1,0.005000249874986878
Late delivery,Standard Class,5,87.36000061,199.9900055,1,0.005000249874986878
Late delivery,First Class,2,70.87000275,199.9900055,1,0.005000249874986878
Late delivery,First Class,2,53.20999908,199.9900055,1,0.005000249874986878
Advance shipping,Standard Class,2,-129.0,199.9900055,1,0.005000249874986878
Advance shipping,Standard Class,3,17.60000038,199.9900055,1,0.005000249874986878
Advance shipping,Standard Class,3,77.08000183,199.9900055,1,0.005000249874986878
Shipping on time,Second Class,2,91.19999695,199.9900055,1,0.005000249874986878
Late delivery,First Class,2,-96.23000336,199.9900055,1,0.005000249874986878
Late delivery,First Class,2,47.04000092,199.9900055,1,0.005000249874986878
Advance shipping,Standard Class,3,44.18000031,199.9900055,1,0.005000249874986878
Advance shipping,Standard Class,3,14.55000019,199.9900055,1,0.005000249874986878
Advance shipping,Standard Class,2,12.14999962,199.9900055,1,0.005000249874986878
Advance shipping,Standard Class,3,16.39999962,199.9900055,1,0.005000249874986878
Advance shipping,Standard Class,3,28.20000076,199.9900055,1,0.005000249874986878
Late delivery,Standard Class,5,79.19999695,199.9900055,1,0.005000249874986878
Late delivery,Standard Class,5,65.09999847,199.9900055,1,0.005000249874986878
Late delivery,Second Class,4,18.76000023,199.9900055,1,0.005000249874986878
Shipping on time,Standard Class,4,89.27999878,199.9900055,1,0.005000249874986878
Late delivery,Same Day,0,15.48999977,199.9900055,1,0.005000249874986878
Shipping on time,Standard Class,4,83.30000305,199.9900055,1,0.005000249874986878
Late delivery,Second Class,4,73.5699997,799.6799928,4,0.00500200084535615
Late delivery,Second Class,5,11.0,49.97999954,1,0.0200080033854278
Advance shipping,Standard Class,2,11.46000004,799.6799928,4,0.00500200084535615
Advance shipping,Standard Class,3,85.47000122,799.6799928,4,0.00500200084535615
Shipping canceled,Second Class,3,73.47000122,1249.4999695,5,0.004001600737934232
Shipping canceled,Standard Class,2,110.3600006,1249.4999695,5,0.004001600737934232
Shipping on time,Same Day,0,42.97999954,199.91999816,2,0.0100040016927139
Shipping on time,Same Day,0,55.66999817,449.8200072,3,0.0066693342936747875
Advance shipping,Standard Class,2,13.64000034,49.97999954,1,0.0200080033854278
Late delivery,Standard Class,5,69.05999756,449.8200072,3,0.0066693342936747875
Late delivery,Standard Class,5,66.80000305,449.8200072,3,0.0066693342936747875
Advance shipping,Standard Class,2,44.40000153,199.91999816,2,0.0100040016927139
Late delivery,Standard Class,5,15.52999973,49.97999954,1,0.0200080033854278
Shipping on time,Standard Class,4,30.40999985,199.91999816,2,0.0100040016927139
Shipping canceled,Second Class,4,23.51000023,199.91999816,2,0.0100040016927139
Late delivery,First Class,2,59.84000015,199.9900055,1,0.005000249874986878
Late delivery,Second Class,5,-16.02000046,199.9900055,1,0.005000249874986878
Late delivery,Second Class,3,-234.6000061,199.9900055,1,0.005000249874986878
Advance shipping,Standard Class,3,67.90000153,199.9900055,1,0.005000249874986878
Late delivery,First Class,2,92.12000275,199.9900055,1,0.005000249874986878
Shipping on time,Standard Class,4,-316.7799988,199.9900055,1,0.005000249874986878
Late delivery,Second Class,4,38.34000015,199.9900055,1,0.005000249874986878
Advance shipping,Standard Class,3,47.59999847,199.9900055,1,0.005000249874986878
Late delivery,Second Class,3,55.09999847,199.9900055,1,0.005000249874986878
Late delivery,Second Class,3,-278.3900146,199.9900055,1,0.005000249874986878
Late delivery,First Class,2,-25.04999924,199.9900055,1,0.005000249874986878
Late delivery,Standard Class,5,27.04999924,199.9900055,1,0.005000249874986878
Advance shipping,Standard Class,2,87.36000061,199.9900055,1,0.005000249874986878
Advance shipping,Standard Class,3,-11.39999962,199.9900055,1,0.005000249874986878
Late delivery,Standard Class,5,56.25999832,199.9900055,1,0.005000249874986878
Shipping on time,Standard Class,4,81.77999878,199.9900055,1,0.005000249874986878
Advance shipping,Standard Class,2,-41.22000122,199.9900055,1,0.005000249874986878
Late delivery,Second Class,5,-32.27000046,199.9900055,1,0.005000249874986878
Late delivery,Standard Class,5,56.95999908,199.9900055,1,0.005000249874986878
Late delivery,Second Class,5,22.0,1250.0,5,0.004
Late delivery,Second Class,5,76.55000305,1499.750061,5,0.0033338888458961696
Advance shipping,Standard Class,2,92.55999756,299.980011,1,0.0033335554481328427
Advance shipping,Standard Class,3,117.0199966,299.980011,1,0.0033335554481328427
Shipping on time,Standard Class,4,63.75,299.980011,1,0.0033335554481328427
Shipping on time,Standard Class,4,-79.08000183,129.9900055,1,0.007692899128310292
Advance shipping,Standard Class,2,100.7900009,299.980011,1,0.0033335554481328427
Advance shipping,Standard Class,3,110.1699982,399.980011,1,0.002500124937493439
Advance shipping,Standard Class,2,39.15000153,299.980011,1,0.0033335554481328427
Late delivery,Standard Class,5,10.85999966,129.9900055,1,0.007692899128310292
Advance shipping,Standard Class,3,6.820000172,99.98999786,1,0.010001000314052811
Late delivery,Standard Class,5,19.98999977,99.98999786,1,0.010001000314052811
Shipping on time,Standard Class,4,40.27999878,129.9900055,1,0.007692899128310292
Advance shipping,Standard Class,3,32.45000076,129.9900055,1,0.007692899128310292
Advance shipping,Standard Class,3,52.40999985,129.9900055,1,0.007692899128310292
Advance shipping,Standard Class,2,3.589999914,47.99000168,1,0.02083767378605351
Late delivery,Standard Class,5,44.63999939,299.980011,1,0.0033335554481328427
Late delivery,Second Class,5,125.5699997,899.9100036,3,0.0033336666866673336
Late delivery,Second Class,3,86.38999939,539.9100036,3,0.005556481598778808
Shipping on time,Second Class,2,10.56000042,359.9100036,3,0.008335417104255227
Shipping canceled,Standard Class,2,7.599999905,50.0,1,0.02
Advance shipping,Standard Class,3,-80.0,50.0,1,0.02
Advance shipping,Standard Class,2,496.8599854,1500.0,1,0.0006666666666666666
Late delivery,Standard Class,5,13.94999981,129.9900055,1,0.007692899128310292
Late delivery,Standard Class,5,-1.389999986,129.9900055,1,0.007692899128310292
Advance shipping,Standard Class,3,-49.63000107,299.980011,1,0.0033335554481328427
Advance shipping,Standard Class,2,0.219999999,24.98999977,1,0.0400160067708556
Shipping canceled,Standard Class,2,61.15000153,129.9900055,1,0.007692899128310292
Shipping canceled,Standard Class,3,20.25,59.99000168,1,0.01666944444066233
Advance shipping,Standard Class,2,124.4899979,299.980011,1,0.0033335554481328427
Shipping on time,Standard Class,4,-9.109999657,59.99000168,1,0.01666944444066233
Shipping on time,Standard Class,4,133.9400024,299.980011,1,0.0033335554481328427
Shipping on time,Standard Class,4,83.98999786,299.980011,1,0.0033335554481328427
Late delivery,Standard Class,5,38.36999893,129.9900055,1,0.007692899128310292
Advance shipping,Standard Class,2,-2.960000038,239.9600068,2,0.008334722217552463
Shipping on time,Standard Class,4,33.45999908,200.0,2,0.01
Advance shipping,Standard Class,3,36.43000031,239.9600068,2,0.008334722217552463
Advance shipping,Standard Class,3,13.64999962,239.9600068,2,0.008334722217552463
Advance shipping,Standard Class,3,84.5,249.9900055,1,0.004000159918393218
Shipping on time,Standard Class,4,-10.96000004,399.980011,1,0.002500124937493439
Late delivery,Standard Class,5,20.79999924,99.98999786,1,0.010001000314052811
Advance shipping,Standard Class,3,61.77999878,129.9900055,1,0.007692899128310292
Shipping on time,Standard Class,4,34.11999893,129.9900055,1,0.007692899128310292
Late delivery,Standard Class,5,138.9100037,299.980011,1,0.0033335554481328427
Shipping on time,Standard Class,4,18.25,59.99000168,1,0.01666944444066233
Late delivery,Standard Class,5,-229.3000031,210.8500061,1,0.004742707949108283
Advance shipping,Standard Class,2,36.47000122,129.9900055,1,0.007692899128310292
Advance shipping,Standard Class,3,50.40000153,299.980011,1,0.0033335554481328427
Shipping on time,Standard Class,4,84.16000366,299.980011,1,0.0033335554481328427
Advance shipping,Standard Class,2,5.199999809,129.9900055,1,0.007692899128310292
Shipping on time,Standard Class,4,29.70000076,129.9900055,1,0.007692899128310292
Advance shipping,Standard Class,2,20.87000084,159.96000672,2,0.012503125256182785
Shipping on time,Standard Class,4,29.04000092,239.9600068,2,0.008334722217552463
Advance shipping,Standard Class,3,5.940000057,159.96000672,2,0.012503125256182785
Shipping on time,Standard Class,4,26.98999977,159.96000672,2,0.012503125256182785
Advance shipping,Standard Class,2,3.099999905,191.96000672,2,0.010418836893026756
Shipping on time,Standard Class,4,28.07999992,239.9600068,2,0.008334722217552463
Advance shipping,Standard Class,2,42.29000092,239.9600068,2,0.008334722217552463
Shipping on time,Standard Class,4,26.0,129.9900055,1,0.007692899128310292
Advance shipping,Standard Class,3,-61.13999939,461.480011,1,0.002166941094226506
Shipping on time,Standard Class,4,62.40000153,129.9900055,1,0.007692899128310292
Advance shipping,Standard Class,3,36.31000137,129.9900055,1,0.007692899128310292
Late delivery,Standard Class,5,20.57999992,59.99000168,1,0.01666944444066233
Advance shipping,Standard Class,2,24.47999954,59.99000168,1,0.01666944444066233
Shipping on time,Standard Class,4,44.54999924,99.98999786,1,0.010001000314052811
Late delivery,Standard Class,5,15.28999996,129.9900055,1,0.007692899128310292
Advance shipping,Standard Class,2,60.18999863,129.9900055,1,0.007692899128310292
Late delivery,Standard Class,5,27.22999954,129.9900055,1,0.007692899128310292
Late delivery,Standard Class,5,24.37000084,129.9900055,1,0.007692899128310292
Advance shipping,Standard Class,2,6.130000114,50.0,1,0.02
Advance shipping,Standard Class,2,134.9900055,899.9100036,3,0.0033336666866673336
Advance shipping,Standard Class,2,17.45999908,539.9100036,3,0.005556481598778808
Shipping on time,Standard Class,4,58.18999863,639.8400268,4,0.006251562628873033
Late delivery,Standard Class,5,7.760000229,800.0,4,0.005
Advance shipping,Standard Class,2,43.15999985,800.0,4,0.005
Late delivery,First Class,2,32.63999939,129.9900055,1,0.007692899128310292
Late delivery,First Class,2,38.22000122,129.9900055,1,0.007692899128310292
Shipping on time,Standard Class,4,27.89999962,399.980011,1,0.002500124937493439
Advance shipping,Standard Class,2,94.04000092,299.980011,1,0.0033335554481328427
Late delivery,Standard Class,5,71.75,210.8500061,1,0.004742707949108283
Shipping on time,Standard Class,4,5.880000114,59.99000168,1,0.01666944444066233
Advance shipping,Standard Class,3,23.34000015,129.9900055,1,0.007692899128310292
Advance shipping,Standard Class,3,52.22999954,129.9900055,1,0.007692899128310292
Shipping on time,Standard Class,4,17.47999954,39.99000168,1,0.02500625051236557
Shipping on time,Standard Class,4,-134.9900055,299.980011,1,0.0033335554481328427
Advance shipping,Standard Class,3,6.300000191,129.9900055,1,0.007692899128310292
Advance shipping,Standard Class,2,-11.69999981,129.9900055,1,0.007692899128310292
Late delivery,Standard Class,5,16.28000069,50.0,1,0.02
Advance shipping,Standard Class,3,-13.36999989,120.0,2,0.016666666666666666
Late delivery,Standard Class,5,33.59000015,239.9600068,2,0.008334722217552463
Advance shipping,Standard Class,3,31.30999947,239.9600068,2,0.008334722217552463
Advance shipping,Standard Class,3,33.65999985,200.0,2,0.01
Advance shipping,Standard Class,3,26.48999977,159.96000672,2,0.012503125256182785
Late delivery,Standard Class,5,16.60000038,159.96000672,2,0.012503125256182785
Advance shipping,Standard Class,2,38.93000031,239.9600068,2,0.008334722217552463
Late delivery,Standard Class,5,-91.34999847,120.0,2,0.016666666666666666
Advance shipping,Standard Class,3,51.65000153,539.9100036,3,0.005556481598778808
Late delivery,Standard Class,5,26.12999916,1499.750061,5,0.0033338888458961696
Late delivery,First Class,2,8.220000267,159.96000672,2,0.012503125256182785
Late delivery,First Class,2,-14.64000034,200.0,2,0.01
Late delivery,First Class,2,-251.1399994,874.7499845,5,0.005715918935234917
Late delivery,Second Class,5,18.52000046,299.980011,1,0.0033335554481328427
Late delivery,Second Class,5,105.6299973,299.980011,1,0.0033335554481328427
Shipping on time,Second Class,2,38.59999847,239.9600068,2,0.008334722217552463
Late delivery,Second Class,3,63.99000168,399.9599914,2,0.005000500157526506
Shipping on time,Second Class,2,31.68000031,450.0,3,0.006666666666666667
Late delivery,Second Class,5,28.79999924,539.9100036,3,0.005556481598778808
Late delivery,Second Class,3,-156.75,1250.0,5,0.004
Advance shipping,Standard Class,2,28.07999992,129.9900055,1,0.007692899128310292
Advance shipping,Standard Class,3,61.72999954,799.6799928,4,0.00500200084535615
Advance shipping,Standard Class,3,-3.119999886,49.97999954,1,0.0200080033854278
Late delivery,Standard Class,5,11.36999989,199.91999816,2,0.0100040016927139
Late delivery,Second Class,5,28.12000084,199.91999816,2,0.0100040016927139
Late delivery,Standard Class,5,14.06000042,449.8200072,3,0.0066693342936747875
Late delivery,Second Class,4,113.9300003,1249.4999695,5,0.004001600737934232
Advance shipping,Standard Class,3,70.11000061,1249.4999695,5,0.004001600737934232
Advance shipping,Standard Class,2,30.40999985,199.91999816,2,0.0100040016927139
Late delivery,First Class,2,38.72999954,199.91999816,2,0.0100040016927139
Shipping on time,Standard Class,4,52.56000137,799.6799928,4,0.00500200084535615
Shipping on time,Same Day,0,-118.0800018,1249.4999695,5,0.004001600737934232
Late delivery,Standard Class,5,-102.3300018,1249.4999695,5,0.004001600737934232
Late delivery,Standard Class,5,81.33999634,1249.4999695,5,0.004001600737934232
Advance shipping,Standard Class,3,1.889999986,199.9900055,1,0.005000249874986878
Late delivery,Same Day,0,57.40000153,199.9900055,1,0.005000249874986878
Late delivery,Second Class,4,42.0,199.9900055,1,0.005000249874986878
Advance shipping,Standard Class,3,3.720000029,199.9900055,1,0.005000249874986878
Late delivery,Second Class,4,70.0,199.9900055,1,0.005000249874986878
Late delivery,Standard Class,5,97.01999664,199.9900055,1,0.005000249874986878
Late delivery,Standard Class,5,57.41999817,199.9900055,1,0.005000249874986878
Advance shipping,Standard Class,2,64.68000031,199.9900055,1,0.005000249874986878
Shipping on time,Standard Class,4,59.15000153,199.9900055,1,0.005000249874986878
Shipping on time,Standard Class,4,14.17000008,199.9900055,1,0.005000249874986878
Shipping on time,Standard Class,4,55.43999863,199.9900055,1,0.005000249874986878
Shipping on time,Standard Class,4,-24.98999977,199.9900055,1,0.005000249874986878
Shipping on time,Standard Class,4,79.37999725,199.9900055,1,0.005000249874986878
Shipping on time,Standard Class,4,-139.1900024,199.9900055,1,0.005000249874986878
Late delivery,Standard Class,5,45.75999832,199.9900055,1,0.005000249874986878
Late delivery,Same Day,0,89.18000031,199.9900055,1,0.005000249874986878
Shipping on time,Second Class,2,57.59999847,199.9900055,1,0.005000249874986878
Advance shipping,Standard Class,3,23.26000023,49.97999954,1,0.0200080033854278
Late delivery,Standard Class,5,40.77999878,1249.4999695,5,0.004001600737934232
Shipping on time,Second Class,2,14.43999958,49.97999954,1,0.0200080033854278
Late delivery,First Class,2,-129.6399994,1249.4999695,5,0.004001600737934232
Advance shipping,Standard Class,3,26.92000008,449.8200072,3,0.0066693342936747875
Advance shipping,Standard Class,3,-8.970000267,1249.4999695,5,0.004001600737934232
Advance shipping,Standard Class,3,-170.3500061,1249.4999695,5,0.004001600737934232
Late delivery,Second Class,5,53.34000015,449.8200072,3,0.0066693342936747875
Late delivery,Second Class,5,89.95999908,1249.4999695,5,0.004001600737934232
Advance shipping,Standard Class,3,-19.92000008,199.91999816,2,0.0100040016927139
Shipping on time,Standard Class,4,-25.19000053,449.8200072,3,0.0066693342936747875
Shipping on time,Standard Class,4,80.61000061,799.6799928,4,0.00500200084535615
Late delivery,Standard Class,5,20.14999962,799.6799928,4,0.00500200084535615
Late delivery,First Class,2,71.25,799.6799928,4,0.00500200084535615
Late delivery,First Class,2,16.48999977,1249.4999695,5,0.004001600737934232
Late delivery,Standard Class,5,67.68000031,450.0,3,0.006666666666666667
Advance shipping,Standard Class,3,-25.37999916,450.0,3,0.006666666666666667
Late delivery,Standard Class,5,-68.01999664,359.9100036,3,0.008335417104255227
Advance shipping,Standard Class,3,52.88000107,450.0,3,0.006666666666666667
Late delivery,Standard Class,5,38.84000015,539.9100036,3,0.005556481598778808
Late delivery,Standard Class,5,19.20000076,1599.839966,4,0.0025002500781381278
Advance shipping,Standard Class,2,164.6199951,1599.839966,4,0.0025002500781381278
Late delivery,Standard Class,5,-47.15000153,800.0,4,0.005
Shipping on time,Standard Class,4,48.0,800.0,4,0.005
Advance shipping,Standard Class,2,106.8600006,1499.750061,5,0.0033338888458961696
Advance shipping,Standard Class,3,68.25,1250.0,5,0.004
Shipping on time,Standard Class,4,25.61000061,624.7499845,5,0.008003201479071026
Shipping on time,Standard Class,4,-40.29000092,999.7499845,5,0.005001250390116911
Late delivery,First Class,2,12.93000031,129.9900055,1,0.007692899128310292
Late delivery,First Class,2,-81.76000214,129.9900055,1,0.007692899128310292
Late delivery,First Class,2,6.110000134,50.0,1,0.02
Late delivery,First Class,2,-136.8999939,199.91999816,2,0.0100040016927139
Shipping canceled,Standard Class,2,12.52000046,49.97999954,1,0.0200080033854278
Advance shipping,Standard Class,2,77.93000031,1249.4999695,5,0.004001600737934232
Late delivery,Second Class,5,-98.01000214,449.8200072,3,0.0066693342936747875
Shipping on time,Standard Class,4,90.95999908,799.6799928,4,0.00500200084535615
Advance shipping,Standard Class,2,-329.8699951,799.6799928,4,0.00500200084535615
Shipping on time,Second Class,2,-15.69999981,49.97999954,1,0.0200080033854278
Late delivery,First Class,2,-217.7100067,449.8200072,3,0.0066693342936747875
Shipping on time,Standard Class,4,37.83000183,449.8200072,3,0.0066693342936747875
Late delivery,Standard Class,5,107.9599991,1249.4999695,5,0.004001600737934232
Late delivery,Standard Class,5,24.0,49.97999954,1,0.0200080033854278
Late delivery,Second Class,5,12.90999985,1249.4999695,5,0.004001600737934232
Shipping on time,Standard Class,4,14.68999958,49.97999954,1,0.0200080033854278
Late delivery,First Class,2,26.09000015,199.91999816,2,0.0100040016927139
Advance shipping,Standard Class,3,-44.97999954,1249.4999695,5,0.004001600737934232
Late delivery,First Class,2,100.7600021,1249.4999695,5,0.004001600737934232
Shipping on time,Standard Class,4,19.96999931,49.97999954,1,0.0200080033854278
Late delivery,Second Class,4,83.26999664,799.6799928,4,0.00500200084535615
Late delivery,First Class,2,24.48999977,199.91999816,2,0.0100040016927139
Late delivery,Standard Class,5,9.75,49.97999954,1,0.0200080033854278
Shipping on time,Standard Class,4,-8.300000191,49.97999954,1,0.0200080033854278
Advance shipping,Standard Class,3,10.96000004,199.91999816,2,0.0100040016927139
Late delivery,Second Class,5,51.02000046,449.8200072,3,0.0066693342936747875
Late delivery,Second Class,3,32.59000015,799.6799928,4,0.00500200084535615
Shipping canceled,Second Class,5,-75.13999939,49.97999954,1,0.0200080033854278
Late delivery,First Class,2,4.349999905,49.97999954,1,0.0200080033854278
Advance shipping,Standard Class,3,-3.119999886,1249.4999695,5,0.004001600737934232
Late delivery,First Class,2,94.04000092,799.6799928,4,0.00500200084535615
Advance shipping,Standard Class,3,78.72000122,1249.4999695,5,0.004001600737934232
Shipping on time,Standard Class,4,26.63999939,199.91999816,2,0.0100040016927139
Late delivery,Standard Class,5,22.3199997,49.97999954,1,0.0200080033854278
Advance shipping,Standard Class,3,18.37000084,1249.4999695,5,0.004001600737934232
Late delivery,Same Day,0,36.09000015,449.8200072,3,0.0066693342936747875
Late delivery,First Class,2,48.58000183,799.6799928,4,0.00500200084535615
Advance shipping,Standard Class,2,74.33000183,1249.4999695,5,0.004001600737934232
Late delivery,Standard Class,5,10.96000004,799.6799928,4,0.00500200084535615
Late delivery,Second Class,5,49.59000015,449.8200072,3,0.0066693342936747875
Advance shipping,Standard Class,3,-20.77000046,399.980011,1,0.002500124937493439
Advance shipping,Standard Class,2,-241.7899933,399.980011,1,0.002500124937493439
Advance shipping,Standard Class,2,23.43000031,399.980011,1,0.002500124937493439
Late delivery,Second Class,4,100.8700027,399.980011,1,0.002500124937493439
Advance shipping,Standard Class,2,41.13000107,399.980011,1,0.002500124937493439
Late delivery,Second Class,3,-614.3699951,399.980011,1,0.002500124937493439
Late delivery,First Class,2,110.8700027,399.980011,1,0.002500124937493439
Late delivery,Standard Class,5,110.8700027,399.980011,1,0.002500124937493439
Late delivery,Standard Class,5,122.75,399.980011,1,0.002500124937493439
Shipping on time,Standard Class,4,151.9900055,399.980011,1,0.002500124937493439
Advance shipping,Standard Class,3,61.88000107,399.980011,1,0.002500124937493439
Late delivery,Same Day,0,-249.2100067,399.980011,1,0.002500124937493439
Late delivery,First Class,2,-3.75999999,200.0,2,0.01
Late delivery,First Class,2,23.46999931,539.9100036,3,0.005556481598778808
Shipping canceled,First Class,2,-77.58999634,1599.839966,4,0.0025002500781381278
Shipping canceled,First Class,2,44.0,2499.750061,5,0.0020001999711922397
Late delivery,First Class,2,62.63999939,1250.0,5,0.004
Shipping canceled,Same Day,0,4.539999962,399.980011,1,0.002500124937493439
Late delivery,Same Day,0,0.0,299.980011,1,0.0033335554481328427
Shipping on time,Same Day,0,-70.97000122,129.9900055,1,0.007692899128310292
Shipping on time,Same Day,0,42.61999893,129.9900055,1,0.007692899128310292
Late delivery,Same Day,0,30.5699997,239.9600068,2,0.008334722217552463
Late delivery,Same Day,0,40.3199997,450.0,3,0.006666666666666667
Shipping on time,Same Day,0,31.95999908,539.9100036,3,0.005556481598778808
Shipping on time,Same Day,0,-46.97000122,959.8400268,4,0.004167361110512921
Shipping canceled,Second Class,5,34.25,129.9900055,1,0.007692899128310292
Late delivery,Second Class,5,13.64999962,129.9900055,1,0.007692899128310292
Late delivery,Second Class,5,-12.89999962,299.9899902,1,0.0033334445570444233
Late delivery,Second Class,3,29.70000076,399.980011,1,0.002500124937493439
Late delivery,Second Class,5,4.880000114,44.99000168,1,0.022227160761466323
Late delivery,Second Class,4,76.55000305,299.980011,1,0.0033335554481328427
Shipping on time,Second Class,2,28.21999931,539.9100036,3,0.005556481598778808
Shipping canceled,Second Class,2,85.51999664,539.9100036,3,0.005556481598778808
Late delivery,Second Class,5,178.3399963,1599.839966,4,0.0025002500781381278
Late delivery,Second Class,3,78.73999786,2499.750061,5,0.0020001999711922397
Late delivery,Second Class,4,22.5,1250.0,5,0.004
Late delivery,Standard Class,5,12.60999966,129.9900055,1,0.007692899128310292
Advance shipping,Standard Class,2,23.04000092,399.980011,1,0.002500124937493439
Shipping on time,Standard Class,4,39.54000092,129.9900055,1,0.007692899128310292
Shipping on time,Standard Class,4,9.489999771,129.9900055,1,0.007692899128310292
Shipping canceled,Standard Class,5,80.62999725,299.980011,1,0.0033335554481328427
Shipping canceled,Standard Class,5,-33.95000076,299.980011,1,0.0033335554481328427
Advance shipping,Standard Class,2,33.84999847,129.9900055,1,0.007692899128310292
Advance shipping,Standard Class,2,162.6699982,399.980011,1,0.002500124937493439
Advance shipping,Standard Class,2,7.739999771,129.9900055,1,0.007692899128310292
Late delivery,First Class,2,85.55999756,800.0,4,0.005
Late delivery,First Class,2,-208.2700043,639.8400268,4,0.006251562628873033
Late delivery,Same Day,0,9.180000305,39.99000168,1,0.02500625051236557
Late delivery,Same Day,0,-10.86999989,129.9900055,1,0.007692899128310292
Shipping on time,Same Day,0,83.98999786,959.8400268,4,0.004167361110512921
Late delivery,Second Class,3,28.04999924,129.9900055,1,0.007692899128310292
Shipping on time,Second Class,2,59.16999817,299.980011,1,0.0033335554481328427
Late delivery,Second Class,4,5.809999943,539.9100036,3,0.005556481598778808
Shipping canceled,Second Class,5,-23.62999916,1250.0,5,0.004
Advance shipping,Standard Class,2,59.15000153,129.9900055,1,0.007692899128310292
Late delivery,Standard Class,5,24.60000038,59.99000168,1,0.01666944444066233
Late delivery,Standard Class,5,16.62999916,299.980011,1,0.0033335554481328427
Late delivery,Standard Class,5,68.63999939,299.980011,1,0.0033335554481328427
Late delivery,Standard Class,5,114.3799973,299.980011,1,0.0033335554481328427
Shipping on time,Standard Class,4,21.75,99.98999786,1,0.010001000314052811
Advance shipping,Standard Class,2,11.02000046,129.9900055,1,0.007692899128310292
Late delivery,Standard Class,5,19.15999985,120.0,2,0.016666666666666666
Advance shipping,Standard Class,2,28.21999931,239.9600068,2,0.008334722217552463
Late delivery,Same Day,0,105.7399979,899.9100036,3,0.0033336666866673336
Shipping on time,Second Class,2,32.63999939,129.9900055,1,0.007692899128310292
Late delivery,Second Class,3,3.670000076,59.99000168,1,0.01666944444066233
Late delivery,Second Class,5,-152.5599976,129.9900055,1,0.007692899128310292
Late delivery,Second Class,3,4.559999943,99.98999786,1,0.010001000314052811
Shipping on time,Second Class,2,17.26000023,159.96000672,2,0.012503125256182785
Late delivery,Second Class,3,43.47000122,200.0,2,0.01
Late delivery,Second Class,4,30.22999954,719.8400268,4,0.005556790190984139
Advance shipping,Standard Class,2,47.97000122,129.9900055,1,0.007692899128310292
Advance shipping,Standard Class,2,0.0,399.980011,1,0.002500124937493439
Advance shipping,Standard Class,3,80.98999786,299.980011,1,0.0033335554481328427
Shipping on time,Standard Class,4,3.569999933,11.28999996,1,0.0885739595697926
Late delivery,Standard Class,5,48.20000076,189.0,1,0.005291005291005291
Shipping on time,Standard Class,4,-3.069999933,129.9900055,1,0.007692899128310292
Advance shipping,Standard Class,3,-30.79000092,50.0,1,0.02
Shipping on time,Standard Class,4,123.4100037,399.980011,1,0.002500124937493439
Late delivery,Standard Class,5,67.23000336,299.980011,1,0.0033335554481328427
Advance shipping,Standard Class,3,2.349999905,59.99000168,1,0.01666944444066233
Shipping on time,Standard Class,4,36.84999847,129.9900055,1,0.007692899128310292
Advance shipping,Standard Class,2,38.02000046,129.9900055,1,0.007692899128310292
Advance shipping,Standard Class,3,187.7299957,532.5800171,1,0.0018776521234221126
Late delivery,Standard Class,5,-52.0,200.0,2,0.01
Late delivery,Standard Class,5,45.0,399.9599914,2,0.005000500157526506
Advance shipping,Standard Class,3,23.25,200.0,2,0.01
Late delivery,Standard Class,5,97.01000214,399.9599914,2,0.005000500157526506
Shipping on time,Standard Class,4,36.25999832,239.9600068,2,0.008334722217552463
Advance shipping,Standard Class,2,-72.5,200.0,2,0.01
Advance shipping,Standard Class,3,13.0,100.0,2,0.02
Shipping on time,Standard Class,4,37.22999954,159.96000672,2,0.012503125256182785
Shipping on time,Standard Class,4,31.13999939,191.96000672,2,0.010418836893026756
Advance shipping,Standard Class,2,74.44000244,539.9100036,3,0.005556481598778808
Advance shipping,Standard Class,2,-115.1900024,899.9100036,3,0.0033336666866673336
Late delivery,Standard Class,5,19.79999924,899.9100036,3,0.0033336666866673336
Shipping on time,Standard Class,4,-42.83000183,539.9100036,3,0.005556481598778808
Late delivery,Standard Class,5,-79.36000061,359.9100036,3,0.008335417104255227
Late delivery,Standard Class,5,19.55999947,450.0,3,0.006666666666666667
Late delivery,Standard Class,5,-21.29000092,450.0,3,0.006666666666666667
Advance shipping,Standard Class,3,5.760000229,143.91000366,3,0.020846361779600555
Shipping on time,Standard Class,4,80.30000305,539.9100036,3,0.005556481598778808
Advance shipping,Standard Class,3,81.58999634,959.8400268,4,0.004167361110512921
Shipping on time,Standard Class,4,27.29999924,800.0,4,0.005
Advance shipping,Standard Class,3,14.72999954,959.8400268,4,0.004167361110512921
Advance shipping,Standard Class,2,-403.8500061,959.8400268,4,0.004167361110512921
Late delivery,Standard Class,5,-175.2400055,511.8399964,4,0.007814942224393936
Late delivery,Standard Class,5,17.28000069,959.8400268,4,0.004167361110512921
Shipping on time,Standard Class,4,102.6299973,959.8400268,4,0.004167361110512921
Shipping on time,Standard Class,4,-8.300000191,199.91999816,2,0.0100040016927139
Late delivery,Standard Class,5,23.51000023,199.91999816,2,0.0100040016927139
Late delivery,First Class,2,-98.91999817,449.8200072,3,0.0066693342936747875
Advance shipping,Standard Class,2,-26.63999939,449.8200072,3,0.0066693342936747875
Shipping canceled,Standard Class,3,18.64999962,49.97999954,1,0.0200080033854278
Advance shipping,Standard Class,3,111.5100021,1249.4999695,5,0.004001600737934232
Advance shipping,Standard Class,3,13.77000046,49.97999954,1,0.0200080033854278
Late delivery,Standard Class,5,98.66000366,1249.4999695,5,0.004001600737934232
Late delivery,First Class,2,-23.95000076,449.8200072,3,0.0066693342936747875
Advance shipping,Standard Class,3,17.59000015,1249.4999695,5,0.004001600737934232
Late delivery,Standard Class,5,79.16999817,1249.4999695,5,0.004001600737934232
Shipping on time,Second Class,2,0.0,1249.4999695,5,0.004001600737934232
Late delivery,First Class,2,7.880000114,49.97999954,1,0.0200080033854278
Late delivery,First Class,2,102.1800003,1249.4999695,5,0.004001600737934232
Shipping on time,Second Class,2,20.92000008,49.97999954,1,0.0200080033854278
Advance shipping,Standard Class,2,1.639999986,49.97999954,1,0.0200080033854278
Late delivery,Standard Class,5,3.839999914,199.91999816,2,0.0100040016927139
Shipping canceled,Standard Class,4,100.7900009,299.980011,1,0.0033335554481328427
Advance shipping,Standard Class,2,52.86999893,129.9900055,1,0.007692899128310292
Late delivery,Standard Class,5,9.649999619,129.9900055,1,0.007692899128310292
Advance shipping,Standard Class,2,115.3399963,357.1000061,1,0.0028003359924893604
Late delivery,Standard Class,5,9.100000381,299.980011,1,0.0033335554481328427
Advance shipping,Standard Class,3,137.9900055,399.980011,1,0.002500124937493439
Advance shipping,Standard Class,2,3.329999924,39.99000168,1,0.02500625051236557
Advance shipping,Standard Class,3,-313.5700073,399.9599914,2,0.005000500157526506
Shipping canceled,Standard Class,2,36.04999924,159.96000672,2,0.012503125256182785
Advance shipping,Standard Class,2,-188.0700073,239.9600068,2,0.008334722217552463
Advance shipping,Standard Class,2,36.79999924,200.0,2,0.01
Late delivery,Standard Class,5,25.51000023,119.95999908,2,0.01667222420255457
Advance shipping,Standard Class,3,12.14999962,539.9100036,3,0.005556481598778808
Advance shipping,Standard Class,2,107.9899979,399.980011,1,0.002500124937493439
Late delivery,First Class,2,-35.20000076,399.980011,1,0.002500124937493439
Late delivery,First Class,2,126.7099991,399.980011,1,0.002500124937493439
Late delivery,Standard Class,5,154.5500031,399.980011,1,0.002500124937493439
Advance shipping,Standard Class,3,0.0,399.980011,1,0.002500124937493439
Advance shipping,Standard Class,3,154.1499939,399.980011,1,0.002500124937493439
Late delivery,Standard Class,5,27.0,399.980011,1,0.002500124937493439
Shipping canceled,Standard Class,3,52.47999954,399.980011,1,0.002500124937493439
Advance shipping,Standard Class,3,118.3099976,399.980011,1,0.002500124937493439
Late delivery,Standard Class,5,106.5899963,399.980011,1,0.002500124937493439
Shipping on time,Standard Class,4,142.5500031,399.980011,1,0.002500124937493439
Shipping canceled,Standard Class,4,135.0299988,399.980011,1,0.002500124937493439
Shipping on time,Standard Class,4,106.5899963,399.980011,1,0.002500124937493439
Advance shipping,Standard Class,3,37.97000122,399.980011,1,0.002500124937493439
Late delivery,Second Class,5,114.8300018,399.980011,1,0.002500124937493439
Shipping on time,Second Class,2,124.7300034,399.980011,1,0.002500124937493439
Shipping on time,Standard Class,4,111.5899963,399.980011,1,0.002500124937493439
Late delivery,Standard Class,5,132.9900055,399.980011,1,0.002500124937493439
Advance shipping,Standard Class,3,10.43999958,959.8400268,4,0.004167361110512921
Late delivery,First Class,2,-74.25,50.0,1,0.02
Late delivery,Same Day,0,17.79999924,129.9900055,1,0.007692899128310292
Late delivery,Second Class,5,16.55999947,129.9900055,1,0.007692899128310292
Late delivery,Second Class,3,35.59999847,800.0,4,0.005
Advance shipping,Standard Class,3,126.3199997,399.980011,1,0.002500124937493439
Late delivery,First Class,2,60.52000046,129.9900055,1,0.007692899128310292
Late delivery,First Class,2,14.51000023,59.99000168,1,0.01666944444066233
Late delivery,First Class,2,7.5,129.9900055,1,0.007692899128310292
Late delivery,First Class,2,10.65999985,129.9900055,1,0.007692899128310292
Late delivery,First Class,2,37.8199997,239.9600068,2,0.008334722217552463
Shipping on time,Same Day,0,31.65999985,359.9100036,3,0.008335417104255227
Shipping on time,Second Class,2,13.69999981,50.0,1,0.02
Shipping on time,Second Class,2,-12.03999996,129.9900055,1,0.007692899128310292
Late delivery,Second Class,5,-461.9700012,299.980011,1,0.0033335554481328427
Late delivery,Second Class,4,112.7900009,299.980011,1,0.0033335554481328427
Late delivery,Second Class,5,32.65999985,239.9600068,2,0.008334722217552463
Advance shipping,Standard Class,3,66.04000092,799.6799928,4,0.00500200084535615
Shipping on time,Second Class,2,-92.40000153,449.8200072,3,0.0066693342936747875
Late delivery,First Class,2,8.529999733,199.91999816,2,0.0100040016927139
Late delivery,Second Class,5,31.61000061,799.6799928,4,0.00500200084535615
Advance shipping,Standard Class,2,112.6500015,1249.4999695,5,0.004001600737934232
Shipping on time,Standard Class,4,28.48999977,449.8200072,3,0.0066693342936747875
Late delivery,First Class,2,94.04000092,799.6799928,4,0.00500200084535615
Advance shipping,Standard Class,2,20.48999977,799.6799928,4,0.00500200084535615
Advance shipping,Standard Class,3,27.20999908,199.91999816,2,0.0100040016927139
Advance shipping,Standard Class,3,61.18000031,449.8200072,3,0.0066693342936747875
Shipping canceled,Second Class,5,97.70999908,1249.4999695,5,0.004001600737934232
Late delivery,First Class,2,17.10000038,199.91999816,2,0.0100040016927139
Late delivery,Second Class,4,-1.360000014,199.91999816,2,0.0100040016927139
Advance shipping,Standard Class,3,-163.2799988,199.91999816,2,0.0100040016927139
Late delivery,Second Class,5,6.96999979,199.91999816,2,0.0100040016927139
Late delivery,First Class,2,72.72000122,1249.4999695,5,0.004001600737934232
Late delivery,Second Class,4,111.4300003,1249.4999695,5,0.004001600737934232
Advance shipping,Standard Class,2,50.61999893,449.8200072,3,0.0066693342936747875
Late delivery,Standard Class,5,-33.59000015,49.97999954,1,0.0200080033854278
Late delivery,Second Class,3,-564.1699829,399.980011,1,0.002500124937493439
Late delivery,Same Day,0,-78.40000153,399.980011,1,0.002500124937493439
Late delivery,First Class,2,134.3899994,399.980011,1,0.002500124937493439
Shipping on time,Standard Class,4,120.1900024,399.980011,1,0.002500124937493439
Late delivery,Second Class,5,108.6299973,399.980011,1,0.002500124937493439
Advance shipping,Standard Class,2,-44.0,399.980011,1,0.002500124937493439
Shipping on time,Same Day,0,50.40000153,399.980011,1,0.002500124937493439
Advance shipping,Standard Class,2,143.9900055,399.980011,1,0.002500124937493439
Shipping on time,Standard Class,4,80.51000214,399.980011,1,0.002500124937493439
Late delivery,Standard Class,5,118.9300003,399.980011,1,0.002500124937493439
Advance shipping,Standard Class,3,160.0700073,399.980011,1,0.002500124937493439
Advance shipping,Standard Class,3,152.7100067,399.980011,1,0.002500124937493439
Advance shipping,Standard Class,2,21.17000008,399.980011,1,0.002500124937493439
Late delivery,Standard Class,5,174.8300018,399.980011,1,0.002500124937493439
Late delivery,Second Class,4,87.36000061,399.980011,1,0.002500124937493439
Shipping on time,Same Day,0,-33.90000153,399.980011,1,0.002500124937493439
Late delivery,Second Class,5,30.59000015,224.91000366,3,0.013338668583791175
Late delivery,Second Class,3,124.9899979,2499.750061,5,0.0020001999711922397
Advance shipping,Standard Class,3,138.1699982,299.980011,1,0.0033335554481328427
Advance shipping,Standard Class,3,48.54999924,129.9900055,1,0.007692899128310292
Shipping on time,Standard Class,4,5.099999905,129.9900055,1,0.007692899128310292
Advance shipping,Standard Class,3,-84.75,129.9900055,1,0.007692899128310292
Late delivery,Standard Class,5,14.69999981,299.980011,1,0.0033335554481328427
Late delivery,Standard Class,5,48.0,399.980011,1,0.002500124937493439
Shipping on time,Standard Class,4,37.79999924,399.980011,1,0.002500124937493439
Shipping on time,Standard Class,4,36.75,299.980011,1,0.0033335554481328427
Advance shipping,Standard Class,3,101.3600006,959.8400268,4,0.004167361110512921
Advance shipping,Standard Class,3,131.1100006,1499.750061,5,0.0033338888458961696
Advance shipping,Standard Class,2,82.80999756,1250.0,5,0.004
Advance shipping,Standard Class,3,57.20000076,1250.0,5,0.004
Shipping on time,Standard Class,4,41.84000015,1499.750061,5,0.0033338888458961696
Advance shipping,Standard Class,2,118.8300018,1250.0,5,0.004
Late delivery,First Class,2,-3.119999886,129.9900055,1,0.007692899128310292
Late delivery,First Class,2,9.43999958,31.98999977,1,0.031259768902461606
Late delivery,First Class,2,179.9799957,1599.839966,4,0.0025002500781381278
Shipping on time,Same Day,0,-3.630000114,63.95999908,2,0.031269543914446224
Shipping on time,Same Day,0,-117.4400024,287.83999632,4,0.013896609405015017
Advance shipping,Standard Class,3,90.0,399.980011,1,0.002500124937493439
Late delivery,Standard Class,5,184.2299957,399.980011,1,0.002500124937493439
Advance shipping,Standard Class,3,182.2700043,399.980011,1,0.002500124937493439
Late delivery,Same Day,0,73.33000183,399.980011,1,0.002500124937493439
Late delivery,First Class,2,93.95999908,399.980011,1,0.002500124937493439
Late delivery,Standard Class,5,120.5100021,399.980011,1,0.002500124937493439
Shipping on time,Standard Class,4,42.02999878,399.980011,1,0.002500124937493439
Shipping on time,Same Day,0,125.9899979,399.980011,1,0.002500124937493439
Advance shipping,Standard Class,3,45.20000076,399.980011,1,0.002500124937493439
Shipping on time,Same Day,0,0.0,399.980011,1,0.002500124937493439
Late delivery,Second Class,4,-37.06000137,399.980011,1,0.002500124937493439
Shipping canceled,Same Day,0,69.86000061,399.980011,1,0.002500124937493439
Shipping on time,Second Class,2,115.1900024,399.980011,1,0.002500124937493439
Shipping on time,Standard Class,4,113.9300003,399.980011,1,0.002500124937493439
Late delivery,First Class,2,102.6600037,399.980011,1,0.002500124937493439
Shipping on time,Standard Class,4,-164.8899994,399.980011,1,0.002500124937493439
Advance shipping,Standard Class,2,89.29000092,299.980011,1,0.0033335554481328427
Late delivery,Standard Class,5,-10.72999954,99.98999786,1,0.010001000314052811
Shipping on time,Standard Class,4,3.480000019,200.0,2,0.01
Advance shipping,Standard Class,2,55.79000092,399.9599914,2,0.005000500157526506
Late delivery,Standard Class,5,52.90999985,399.9599914,2,0.005000500157526506
Shipping on time,Standard Class,4,-85.30999756,239.9600068,2,0.008334722217552463
Shipping on time,Standard Class,4,21.0,399.9599914,2,0.005000500157526506
Late delivery,Standard Class,5,10.10000038,404.9100036,3,0.0074090537979486955
Late delivery,Standard Class,5,136.7899933,1599.839966,4,0.0025002500781381278
Advance shipping,Standard Class,3,43.68000031,959.8400268,4,0.004167361110512921
Advance shipping,Standard Class,3,89.09999847,800.0,4,0.005
Late delivery,Standard Class,5,44.88000107,639.8400268,4,0.006251562628873033
Late delivery,Standard Class,5,84.87999725,1250.0,5,0.004
Late delivery,Standard Class,5,76.12999725,1250.0,5,0.004
Shipping on time,Standard Class,4,37.5,1250.0,5,0.004
Late delivery,Standard Class,5,17.59000015,399.74998475,5,0.012507817863024946
Advance shipping,Standard Class,3,52.0,1250.0,5,0.004
Late delivery,First Class,2,89.93000031,293.0400085,1,0.003412503313519389
Shipping on time,Same Day,0,14.13000011,99.95999908,2,0.0200080033854278
Shipping canceled,Same Day,0,48.70999908,639.8400268,4,0.006251562628873033
Late delivery,Second Class,5,28.80999947,59.99000168,1,0.01666944444066233
Late delivery,Second Class,4,26.0,129.9900055,1,0.007692899128310292
Late delivery,Second Class,4,2.910000086,59.99000168,1,0.01666944444066233
Late delivery,Second Class,4,29.12999916,129.9900055,1,0.007692899128310292
Late delivery,Second Class,4,34.11999893,129.9900055,1,0.007692899128310292
Late delivery,Second Class,5,76.04000092,299.980011,1,0.0033335554481328427
Late delivery,Second Class,5,57.95999908,129.9900055,1,0.007692899128310292
Late delivery,Second Class,3,24.36000061,99.98999786,1,0.010001000314052811
Shipping on time,Second Class,2,70.48999786,399.9599914,2,0.005000500157526506
Shipping on time,Second Class,2,83.33999634,539.9100036,3,0.005556481598778808
Late delivery,Second Class,5,12.60000038,450.0,3,0.006666666666666667
Shipping on time,Standard Class,4,-242.3899994,299.980011,1,0.0033335554481328427
Shipping on time,Standard Class,4,3.289999962,59.99000168,1,0.01666944444066233
Shipping canceled,Standard Class,4,56.15999985,129.9900055,1,0.007692899128310292
Advance shipping,Standard Class,2,34.75,129.9900055,1,0.007692899128310292
Shipping on time,Standard Class,4,8.010000229,129.9900055,1,0.007692899128310292
Shipping on time,Standard Class,4,30.76000023,129.9900055,1,0.007692899128310292
Advance shipping,Standard Class,3,-45.54000092,210.8500061,1,0.004742707949108283
Late delivery,Standard Class,5,32.75999832,129.9900055,1,0.007692899128310292
Advance shipping,Standard Class,3,28.07999992,129.9900055,1,0.007692899128310292
Shipping canceled,Standard Class,5,8.329999924,50.0,1,0.02
Advance shipping,Standard Class,2,21.95000076,159.96000672,2,0.012503125256182785
Shipping on time,Standard Class,4,-2.220000029,539.9100036,3,0.005556481598778808
Advance shipping,Standard Class,2,71.27999878,450.0,3,0.006666666666666667
Shipping canceled,Standard Class,5,46.3199997,539.9100036,3,0.005556481598778808
Shipping on time,Standard Class,4,88.19000244,539.9100036,3,0.005556481598778808
Late delivery,Standard Class,5,31.23999977,359.9100036,3,0.008335417104255227
Shipping canceled,Standard Class,3,83.33999634,539.9100036,3,0.005556481598778808
Advance shipping,Standard Class,2,35.65999985,447.8399964,4,0.00893176141513563
Late delivery,Standard Class,5,110.4599991,252.8800049,1,0.003954444719326245
Late delivery,Standard Class,5,-140.3800049,59.99000168,1,0.01666944444066233
Late delivery,Standard Class,5,27.29999924,129.9900055,1,0.007692899128310292
Late delivery,Standard Class,5,12.86999989,39.99000168,1,0.02500625051236557
Late delivery,Standard Class,5,17.60000038,50.0,1,0.02
Advance shipping,Standard Class,3,25.75,461.480011,1,0.002166941094226506
Shipping on time,Standard Class,4,58.20000076,299.980011,1,0.0033335554481328427
Advance shipping,Standard Class,2,2.25999999,129.9900055,1,0.007692899128310292
Late delivery,Standard Class,5,-114.6500015,129.9900055,1,0.007692899128310292
Late delivery,Standard Class,5,2.029999971,19.98999977,1,0.050025013081828565
Shipping on time,Standard Class,4,23.62999916,200.0,2,0.01
Advance shipping,Standard Class,2,7.050000191,87.95999908,2,0.022737608241457475
Advance shipping,Standard Class,3,-14.17000008,179.91000366,3,0.016675003829523017
Advance shipping,Standard Class,3,13.14999962,143.91000366,3,0.020846361779600555
Advance shipping,Standard Class,3,-225.2200012,639.8400268,4,0.006251562628873033
Late delivery,Standard Class,5,15.65999985,719.8400268,4,0.005556790190984139
Late delivery,Standard Class,5,54.74000168,719.8400268,4,0.005556790190984139
Shipping on time,Standard Class,4,68.02999878,959.8400268,4,0.004167361110512921
Advance shipping,Standard Class,3,59.06000137,2499.750061,5,0.0020001999711922397
Advance shipping,Standard Class,3,132.2899933,2499.750061,5,0.0020001999711922397
Late delivery,First Class,2,32.77999878,129.9900055,1,0.007692899128310292
Late delivery,Same Day,0,135.2299957,299.980011,1,0.0033335554481328427
Shipping on time,Same Day,0,20.5,99.98999786,1,0.010001000314052811
Shipping on time,Same Day,0,91.25,299.980011,1,0.0033335554481328427
Shipping on time,Same Day,0,46.0699997,359.9100036,3,0.008335417104255227
Late delivery,Same Day,0,13.5,450.0,3,0.006666666666666667
Shipping on time,Second Class,2,39.97000122,129.9900055,1,0.007692899128310292
Late delivery,Second Class,5,43.68000031,129.9900055,1,0.007692899128310292
Late delivery,Second Class,4,-26.62000084,129.9900055,1,0.007692899128310292
Shipping on time,Second Class,2,44.84999847,129.9900055,1,0.007692899128310292
Late delivery,Second Class,5,128.6900024,399.980011,1,0.002500124937493439
Shipping on time,Second Class,2,43.56000137,200.0,2,0.01
Advance shipping,Standard Class,2,11.82999992,50.0,1,0.02
Late delivery,Standard Class,5,5.099999905,30.0,1,0.03333333333333333
Late delivery,Standard Class,5,40.27999878,129.9900055,1,0.007692899128310292
Late delivery,Standard Class,5,-5.619999886,24.98999977,1,0.0400160067708556
Advance shipping,Standard Class,3,26.80999947,129.9900055,1,0.007692899128310292
Late delivery,Standard Class,5,149.75,399.980011,1,0.002500124937493439
Shipping on time,Standard Class,4,25.67000008,200.0,2,0.01
Advance shipping,Standard Class,2,22.11000061,270.0,3,0.011111111111111112
Advance shipping,Standard Class,2,53.36000061,450.0,3,0.006666666666666667
Shipping on time,Standard Class,4,35.68999863,359.9100036,3,0.008335417104255227
Advance shipping,Standard Class,2,80.33999634,539.9100036,3,0.005556481598778808
Late delivery,Standard Class,5,-263.5,800.0,4,0.005
Advance shipping,Standard Class,3,34.84000015,1599.839966,4,0.0025002500781381278
Advance shipping,Standard Class,2,159.3399963,1599.839966,4,0.0025002500781381278
Advance shipping,Standard Class,3,35.99000168,639.8400268,4,0.006251562628873033
Shipping on time,Standard Class,4,59.47000122,800.0,4,0.005
Shipping on time,Standard Class,4,53.93000031,999.7499845,5,0.005001250390116911
Late delivery,Standard Class,5,143.5399933,2499.750061,5,0.0020001999711922397
Late delivery,Standard Class,5,-675.6400146,1499.750061,5,0.0033338888458961696
Late delivery,First Class,2,-44.29000092,399.980011,1,0.002500124937493439
Late delivery,First Class,2,124.9400024,299.980011,1,0.0033335554481328427
Late delivery,First Class,2,-44.54000092,999.7499845,5,0.005001250390116911
Shipping canceled,Same Day,0,135.3399963,1499.750061,5,0.0033338888458961696
Late delivery,Second Class,3,-9.010000229,59.08000183,1,0.016926201236036758
Shipping on time,Second Class,2,-28.77000046,129.9900055,1,0.007692899128310292
Late delivery,Second Class,4,13.48999977,50.0,1,0.02
Late delivery,Second Class,5,70.19999695,299.980011,1,0.0033335554481328427
Late delivery,Second Class,3,62.68999863,959.8400268,4,0.004167361110512921
Advance shipping,Standard Class,3,81.66999817,299.980011,1,0.0033335554481328427
Shipping on time,Standard Class,4,53.18999863,129.9900055,1,0.007692899128310292
Advance shipping,Standard Class,3,46.13000107,129.9900055,1,0.007692899128310292
Advance shipping,Standard Class,3,-266.7900085,399.980011,1,0.002500124937493439
Late delivery,Standard Class,5,59.27999878,129.9900055,1,0.007692899128310292
Advance shipping,Standard Class,2,8.699999809,30.0,1,0.03333333333333333
Advance shipping,Standard Class,3,2.380000114,39.99000168,1,0.02500625051236557
Shipping canceled,Standard Class,2,30.51000023,299.980011,1,0.0033335554481328427
Shipping on time,Standard Class,4,19.12000084,299.980011,1,0.0033335554481328427
Advance shipping,Standard Class,2,43.11999893,200.0,2,0.01
Shipping canceled,Standard Class,2,-22.5699997,450.0,3,0.006666666666666667
Advance shipping,Standard Class,3,60.75,450.0,3,0.006666666666666667
Late delivery,Standard Class,5,79.19000244,959.8400268,4,0.004167361110512921
Shipping on time,Standard Class,4,108.8499985,959.8400268,4,0.004167361110512921
Late delivery,First Class,2,10.25,84.40000153,1,0.011848341017441212
Late delivery,First Class,2,50.83000183,129.9900055,1,0.007692899128310292
Late delivery,First Class,2,24.72999954,224.91000366,3,0.013338668583791175
Late delivery,First Class,2,-74.36000061,499.74998475,5,0.010005002806555863
Late delivery,Second Class,5,72.59999847,252.8800049,1,0.003954444719326245
Late delivery,Second Class,4,42.75,399.9599914,2,0.005000500157526506
Shipping on time,Standard Class,4,4.550000191,99.98999786,1,0.010001000314052811
Late delivery,Standard Class,5,33.16999817,129.9900055,1,0.007692899128310292
Advance shipping,Standard Class,3,45.29999924,129.9900055,1,0.007692899128310292
Advance shipping,Standard Class,3,110.2399979,299.980011,1,0.0033335554481328427
Advance shipping,Standard Class,3,23.45999908,239.9600068,2,0.008334722217552463
Late delivery,Standard Class,5,64.79000092,539.9100036,3,0.005556481598778808
Advance shipping,Standard Class,3,25.20000076,1599.839966,4,0.0025002500781381278
Advance shipping,Standard Class,2,78.29000092,1499.750061,5,0.0033338888458961696
Late delivery,First Class,2,37.5699997,129.9900055,1,0.007692899128310292
Late delivery,First Class,2,68.40000153,299.980011,1,0.0033335554481328427
Late delivery,First Class,2,120.9499969,299.980011,1,0.0033335554481328427
Late delivery,First Class,2,-0.75999999,59.99000168,1,0.01666944444066233
Late delivery,First Class,2,-458.9700012,299.980011,1,0.0033335554481328427
Late delivery,First Class,2,-151.9400024,239.9600068,2,0.008334722217552463
Late delivery,First Class,2,64.5,450.0,3,0.006666666666666667
Late delivery,First Class,2,57.00999832,359.9100036,3,0.008335417104255227
Late delivery,First Class,2,18.18000031,224.91000366,3,0.013338668583791175
Late delivery,First Class,2,76.80999756,639.8400268,4,0.006251562628873033
Late delivery,First Class,2,13.19999981,800.0,4,0.005
Late delivery,First Class,2,6.340000153,874.7499845,5,0.005715918935234917
Late delivery,First Class,2,46.93999863,999.7499845,5,0.005001250390116911
Late delivery,First Class,2,135.2200012,1499.750061,5,0.0033338888458961696
Late delivery,Same Day,0,2.289999962,129.9900055,1,0.007692899128310292
Shipping on time,Same Day,0,133.2400055,299.980011,1,0.0033335554481328427
Late delivery,Same Day,0,-31.68000031,50.0,1,0.02
Late delivery,Same Day,0,52.72999954,450.0,3,0.006666666666666667
Shipping on time,Same Day,0,108.1699982,959.8400268,4,0.004167361110512921
Shipping on time,Same Day,0,114.6399994,1499.750061,5,0.0033338888458961696
Late delivery,Second Class,4,86.20999908,799.6799928,4,0.00500200084535615
Advance shipping,Standard Class,2,40.61999893,199.91999816,2,0.0100040016927139
Late delivery,Standard Class,5,26.98999977,449.8200072,3,0.0066693342936747875
Late delivery,Second Class,5,88.16000366,1249.4999695,5,0.004001600737934232
Late delivery,Standard Class,5,35.33000183,799.6799928,4,0.00500200084535615
Shipping on time,Standard Class,4,17.0699997,799.6799928,4,0.00500200084535615
Late delivery,First Class,2,31.67000008,799.6799928,4,0.00500200084535615
Advance shipping,Standard Class,3,10.32999992,49.97999954,1,0.0200080033854278
Late delivery,Same Day,0,15.39000034,49.97999954,1,0.0200080033854278
Shipping canceled,Standard Class,4,100.4100037,1249.4999695,5,0.004001600737934232
Advance shipping,Standard Class,2,44.63000107,449.8200072,3,0.0066693342936747875
Late delivery,Standard Class,5,0.0,799.6799928,4,0.00500200084535615
Shipping on time,Standard Class,4,113.8000031,1249.4999695,5,0.004001600737934232
Shipping on time,Standard Class,4,52.47999954,1249.4999695,5,0.004001600737934232
Late delivery,Second Class,5,46.24000168,129.9900055,1,0.007692899128310292
Late delivery,Second Class,5,34.3199997,129.9900055,1,0.007692899128310292
Shipping on time,Second Class,2,42.24000168,200.0,2,0.01
Late delivery,Second Class,5,-14.0699997,239.9600068,2,0.008334722217552463
Advance shipping,Standard Class,3,-12.0,1250.0,5,0.004
Advance shipping,Standard Class,2,0.0,800.0,4,0.005
Advance shipping,Standard Class,2,-194.0,1250.0,5,0.004
Advance shipping,Standard Class,3,130.9799957,2249.750061,5,0.0022224691029800576
Advance shipping,Standard Class,2,99.47000122,1750.0,5,0.002857142857142857
Shipping on time,Standard Class,4,0.0,399.980011,1,0.002500124937493439
Advance shipping,Standard Class,3,50.0,399.980011,1,0.002500124937493439
Advance shipping,Standard Class,3,-103.9700012,399.980011,1,0.002500124937493439
Late delivery,Second Class,5,80.63999939,399.980011,1,0.002500124937493439
Advance shipping,Standard Class,2,116.1500015,399.980011,1,0.002500124937493439
