Feature,Feature Value,SHAP Value,Absolute SHAP Value,Effect
required_car_parking_spaces,3.2506900103787606,-4.095922,4.095922,Decreases cancellation prediction
lead_time,-0.9280446417856035,-0.93327206,0.93327206,Decreases cancellation prediction
parking_required,3.296664258124481,-0.7414638,0.7414638,Decreases cancellation prediction
market_segment_Online TA,0.0,-0.3920604,0.3920604,Decreases cancellation prediction
country_PRT,0.0,-0.3455489,0.3455489,Decreases cancellation prediction
total_of_special_requests,-0.8401237576075826,0.19802117,0.19802117,Increases cancellation prediction
booked_through_agent,-2.4796287082605732,-0.1212102,0.1212102,Decreases cancellation prediction
lead_time_category_Last Minute,1.0,-0.07247071,0.07247071,Decreases cancellation prediction
room_changed,-0.42007102135930635,0.072288476,0.072288476,Increases cancellation prediction
booking_changes,-0.37362455800697403,0.06990614,0.06990614,Increases cancellation prediction
arrival_date_week_number,1.0338158767170536,0.056906123,0.056906123,Increases cancellation prediction
arrival_date_year,-0.30671053073814025,0.056207433,0.056207433,Increases cancellation prediction
market_segment_Direct,1.0,0.046448443,0.046448443,Increases cancellation prediction
has_special_requests,-0.9956321975976018,0.04292017,0.04292017,Increases cancellation prediction
hotel_City Hotel,0.0,0.041389722,0.041389722,Increases cancellation prediction
estimated_booking_value,-0.7835525722279462,-0.03901184,0.03901184,Decreases cancellation prediction
arrival_month_cos,0.9619360424172146,0.032368343,0.032368343,Increases cancellation prediction
adr_per_guest,-0.10021185745760183,-0.029081786,0.029081786,Decreases cancellation prediction
previous_cancellation_ratio,-0.12218252486646697,-0.027128428,0.027128428,Decreases cancellation prediction
customer_type_Transient,1.0,0.025394581,0.025394581,Increases cancellation prediction
distribution_channel_Direct,1.0,0.020310946,0.020310946,Increases cancellation prediction
country_FRA,0.0,0.018366452,0.018366452,Increases cancellation prediction
meal_SC,0.0,-0.018180365,0.018180365,Decreases cancellation prediction
market_segment_Offline TA/TO,0.0,0.015518446,0.015518446,Increases cancellation prediction
arrival_season_Summer,0.0,0.013442924,0.013442924,Increases cancellation prediction
previous_bookings_not_canceled,-0.10681787113925846,0.012402011,0.012402011,Increases cancellation prediction
country_GBR,0.0,0.012197309,0.012197309,Increases cancellation prediction
deposit_type_Non Refund,0.0,-0.011684621,0.011684621,Decreases cancellation prediction
deposit_type_No Deposit,1.0,-0.010873907,0.010873907,Decreases cancellation prediction
country_DEU,0.0,0.010042019,0.010042019,Increases cancellation prediction
customer_type_Transient-Party,0.0,0.008716699,0.008716699,Increases cancellation prediction
stays_in_week_nights,-0.7925921867496527,-0.008279947,0.008279947,Decreases cancellation prediction
country_BRA,0.0,-0.006900422,0.006900422,Decreases cancellation prediction
booking_was_changed,-0.47150581342012765,0.006806843,0.006806843,Increases cancellation prediction
long_lead_no_deposit,-0.7064523132612847,-0.0062658438,0.0062658438,Decreases cancellation prediction
country_ESP,0.0,-0.005476405,0.005476405,Decreases cancellation prediction
country_AGO,0.0,-0.0052613216,0.0052613216,Decreases cancellation prediction
adult_only_booking,0.3456459000038292,-0.004937444,0.004937444,Decreases cancellation prediction
country_BEL,0.0,0.0044743903,0.0044743903,Increases cancellation prediction
meal_BB,1.0,0.004095984,0.004095984,Increases cancellation prediction
country_NLD,0.0,0.0040621604,0.0040621604,Increases cancellation prediction
assigned_room_type_D,1.0,-0.0035317407,0.0035317407,Decreases cancellation prediction
adr,-0.026521038101053114,-0.0034936527,0.0034936527,Decreases cancellation prediction
country_RUS,0.0,-0.003333623,0.003333623,Decreases cancellation prediction
total_nights,-0.9533428827613567,0.0032565338,0.0032565338,Increases cancellation prediction
distribution_channel_TA/TO,0.0,-0.0032521605,0.0032521605,Decreases cancellation prediction
stays_in_weekend_nights,-0.9736546420893737,0.003213671,0.003213671,Increases cancellation prediction
arrival_season_Winter,0.0,-0.002931652,0.002931652,Decreases cancellation prediction
country_CHN,0.0,-0.0028690714,0.0028690714,Decreases cancellation prediction
country_USA,1.0,0.0028449195,0.0028449195,Increases cancellation prediction
lead_time_category_Medium,0.0,-0.0026843331,0.0026843331,Decreases cancellation prediction
arrival_month_number,1.1364275711573362,0.0026456104,0.0026456104,Increases cancellation prediction
country_IRL,0.0,0.002517567,0.002517567,Increases cancellation prediction
hotel_Resort Hotel,1.0,0.0023777704,0.0023777704,Increases cancellation prediction
reserved_room_type_F,0.0,0.0021418028,0.0021418028,Increases cancellation prediction
assigned_room_type_B,0.0,-0.001853346,0.001853346,Decreases cancellation prediction
lead_time_category_Very Long,0.0,-0.0017838094,0.0017838094,Decreases cancellation prediction
days_in_waiting_list,-0.07326469105173948,0.0017395699,0.0017395699,Increases cancellation prediction
market_segment_Groups,0.0,-0.0017250798,0.0017250798,Decreases cancellation prediction
country_FIN,0.0,0.0016064944,0.0016064944,Increases cancellation prediction
country_MAR,0.0,-0.0015395003,0.0015395003,Decreases cancellation prediction
country_NOR,0.0,0.0015125615,0.0015125615,Increases cancellation prediction
has_weekend_stay,-1.2162102646888537,0.0014636433,0.0014636433,Increases cancellation prediction
children,-0.304883400455821,0.0014386313,0.0014386313,Increases cancellation prediction
meal_HB,0.0,0.0013608732,0.0013608732,Increases cancellation prediction
country_AUT,0.0,0.001259179,0.001259179,Increases cancellation prediction
is_family,-0.34209693898253646,-0.0012459307,0.0012459307,Decreases cancellation prediction
reserved_room_type_E,0.0,-0.0012236072,0.0012236072,Decreases cancellation prediction
arrival_date_day_of_month,-1.224845019041325,0.0012074128,0.0012074128,Increases cancellation prediction
adults,0.1938122211247697,0.0012009981,0.0012009981,Increases cancellation prediction
reserved_room_type_D,1.0,-0.0011591121,0.0011591121,Decreases cancellation prediction
country_ARE,0.0,-0.0010878528,0.0010878528,Decreases cancellation prediction
assigned_room_type_A,0.0,-0.0010698165,0.0010698165,Decreases cancellation prediction
previous_cancellations,-0.08109052888206775,-0.0010275139,0.0010275139,Decreases cancellation prediction
has_previous_booking,-0.23583077854050466,0.001013945,0.001013945,Increases cancellation prediction
market_segment_Aviation,0.0,-0.0009263751,0.0009263751,Decreases cancellation prediction
country_ITA,0.0,-0.00089874875,0.00089874875,Decreases cancellation prediction
arrival_season_Autumn,1.0,0.00089556375,0.00089556375,Increases cancellation prediction
country_TUR,0.0,-0.00089528045,0.00089528045,Decreases cancellation prediction
assigned_room_type_F,0.0,0.0008716121,0.0008716121,Increases cancellation prediction
distribution_channel_Corporate,0.0,-0.00082821085,0.00082821085,Decreases cancellation prediction
lead_time_category_Short,0.0,-0.00082298287,0.00082298287,Decreases cancellation prediction
reserved_room_type_B,0.0,-0.0007989249,0.0007989249,Decreases cancellation prediction
distribution_channel_GDS,0.0,0.0007880479,0.0007880479,Increases cancellation prediction
country_JPN,0.0,0.0007668972,0.0007668972,Increases cancellation prediction
country_LUX,0.0,-0.000684279,0.000684279,Decreases cancellation prediction
total_guests,-0.03260507681344182,-0.00067116536,0.00067116536,Decreases cancellation prediction
arrival_date_2016-10-27,0.0,-0.0006524488,0.0006524488,Decreases cancellation prediction
assigned_room_type_E,0.0,-0.00064615713,0.00064615713,Decreases cancellation prediction
is_repeated_guest,-0.2022831230237186,0.00062637933,0.00062637933,Increases cancellation prediction
is_long_stay,-0.40525636688151895,-0.0006238212,0.0006238212,Decreases cancellation prediction
country_ISR,0.0,-0.00062249164,0.00062249164,Decreases cancellation prediction
arrival_date_2016-11-07,0.0,0.0006010507,0.0006010507,Increases cancellation prediction
arrival_month_sin,-1.1418064017914684,0.00056670216,0.00056670216,Increases cancellation prediction
country_DNK,0.0,0.0005570068,0.0005570068,Increases cancellation prediction
arrival_date_2016-09-04,0.0,-0.0004736944,0.0004736944,Decreases cancellation prediction
country_SAU,0.0,-0.00046500878,0.00046500878,Decreases cancellation prediction
assigned_room_type_C,0.0,-0.00045940682,0.00045940682,Decreases cancellation prediction
meal_Undefined,0.0,0.00045494322,0.00045494322,Increases cancellation prediction
country_ZAF,0.0,-0.0004534565,0.0004534565,Decreases cancellation prediction
country_CHE,0.0,0.00043084048,0.00043084048,Increases cancellation prediction
country_NZL,0.0,0.00040784286,0.00040784286,Increases cancellation prediction
assigned_room_type_G,0.0,0.00040121074,0.00040121074,Increases cancellation prediction
arrival_date_2015-08-17,0.0,-0.00039481506,0.00039481506,Decreases cancellation prediction
country_NGA,0.0,-0.00039458077,0.00039458077,Decreases cancellation prediction
arrival_date_2016-10-17,0.0,-0.00036882312,0.00036882312,Decreases cancellation prediction
arrival_date_2016-04-29,0.0,-0.00036650663,0.00036650663,Decreases cancellation prediction
country_HKG,0.0,-0.00036588978,0.00036588978,Decreases cancellation prediction
customer_type_Contract,0.0,-0.0003623817,0.0003623817,Decreases cancellation prediction
arrival_date_2016-12-02,0.0,-0.00036032044,0.00036032044,Decreases cancellation prediction
country_SWE,0.0,-0.00035848087,0.00035848087,Decreases cancellation prediction
arrival_date_2016-05-21,0.0,-0.00031430344,0.00031430344,Decreases cancellation prediction
market_segment_Complementary,0.0,0.00029405247,0.00029405247,Increases cancellation prediction
arrival_date_2017-07-15,0.0,-0.00028297666,0.00028297666,Decreases cancellation prediction
market_segment_Corporate,0.0,-0.0002680823,0.0002680823,Decreases cancellation prediction
arrival_date_2016-01-22,0.0,-0.00023471714,0.00023471714,Decreases cancellation prediction
reserved_room_type_A,0.0,-0.00022386778,0.00022386778,Decreases cancellation prediction
arrival_date_2015-11-23,0.0,-0.0002225052,0.0002225052,Decreases cancellation prediction
babies,-0.09429886975082068,-0.00021636194,0.00021636194,Decreases cancellation prediction
arrival_date_2017-07-12,0.0,0.00021326361,0.00021326361,Increases cancellation prediction
arrival_date_2016-04-30,0.0,-0.00021161423,0.00021161423,Decreases cancellation prediction
country_PHL,0.0,-0.00020495115,0.00020495115,Decreases cancellation prediction
reserved_room_type_G,0.0,-0.00020284303,0.00020284303,Decreases cancellation prediction
arrival_date_2016-10-25,0.0,0.00020268791,0.00020268791,Increases cancellation prediction
arrival_date_2017-04-21,0.0,-0.00019644771,0.00019644771,Decreases cancellation prediction
arrival_date_2017-08-16,0.0,-0.0001897886,0.0001897886,Decreases cancellation prediction
arrival_date_2016-09-25,0.0,0.00018323158,0.00018323158,Increases cancellation prediction
arrival_date_2016-08-17,0.0,-0.00018296391,0.00018296391,Decreases cancellation prediction
arrival_date_2016-07-16,0.0,-0.00018165814,0.00018165814,Decreases cancellation prediction
arrival_date_2017-03-26,0.0,0.0001804021,0.0001804021,Increases cancellation prediction
arrival_date_2017-04-06,0.0,0.00017884055,0.00017884055,Increases cancellation prediction
arrival_date_2017-03-19,0.0,0.00017290379,0.00017290379,Increases cancellation prediction
arrival_date_2017-07-06,0.0,0.00017068247,0.00017068247,Increases cancellation prediction
arrival_date_2016-12-07,0.0,-0.00015631264,0.00015631264,Decreases cancellation prediction
arrival_season_Spring,0.0,-0.00015613735,0.00015613735,Decreases cancellation prediction
arrival_date_2017-05-03,0.0,-0.00014641177,0.00014641177,Decreases cancellation prediction
arrival_date_2016-09-26,0.0,-0.00013293565,0.00013293565,Decreases cancellation prediction
country_GIB,0.0,-0.0001301456,0.0001301456,Decreases cancellation prediction
arrival_date_2016-11-20,0.0,-0.000129914,0.000129914,Decreases cancellation prediction
arrival_date_2017-05-25,0.0,0.00012540809,0.00012540809,Increases cancellation prediction
country_THA,0.0,-0.00012336978,0.00012336978,Decreases cancellation prediction
reserved_room_type_C,0.0,-0.000121139536,0.000121139536,Decreases cancellation prediction
arrival_date_2016-07-28,0.0,0.0001190084,0.0001190084,Increases cancellation prediction
arrival_date_2016-04-10,0.0,-0.000116836294,0.000116836294,Decreases cancellation prediction
country_IDN,0.0,-0.00010505464,0.00010505464,Decreases cancellation prediction
country_MEX,0.0,0.00010023304,0.00010023304,Increases cancellation prediction
arrival_date_2017-03-21,0.0,9.883374e-05,9.883374e-05,Increases cancellation prediction
arrival_date_2017-05-05,0.0,-9.34142e-05,9.34142e-05,Decreases cancellation prediction
arrival_date_2016-10-26,0.0,-9.138978e-05,9.138978e-05,Decreases cancellation prediction
arrival_date_2017-03-20,0.0,7.744322e-05,7.744322e-05,Increases cancellation prediction
arrival_date_2017-01-28,0.0,-7.72381e-05,7.72381e-05,Decreases cancellation prediction
arrival_date_2015-09-05,0.0,-7.466857e-05,7.466857e-05,Decreases cancellation prediction
arrival_date_2016-02-08,0.0,7.2749186e-05,7.2749186e-05,Increases cancellation prediction
arrival_date_2015-08-18,0.0,-7.2123265e-05,7.2123265e-05,Decreases cancellation prediction
country_MOZ,0.0,-7.1814706e-05,7.1814706e-05,Decreases cancellation prediction
arrival_date_2016-11-05,0.0,-7.0670634e-05,7.0670634e-05,Decreases cancellation prediction
arrival_date_2015-11-28,0.0,-6.9770715e-05,6.9770715e-05,Decreases cancellation prediction
arrival_date_2017-02-14,0.0,-6.744023e-05,6.744023e-05,Decreases cancellation prediction
arrival_date_2016-06-12,0.0,6.5908505e-05,6.5908505e-05,Increases cancellation prediction
arrival_date_2015-10-30,0.0,6.454352e-05,6.454352e-05,Increases cancellation prediction
arrival_date_2016-11-02,0.0,6.434878e-05,6.434878e-05,Increases cancellation prediction
arrival_date_2017-03-01,0.0,6.386313e-05,6.386313e-05,Increases cancellation prediction
arrival_date_2017-01-06,0.0,-6.1490326e-05,6.1490326e-05,Decreases cancellation prediction
arrival_date_2016-10-11,0.0,-6.134275e-05,6.134275e-05,Decreases cancellation prediction
arrival_date_2016-04-28,0.0,6.041877e-05,6.041877e-05,Increases cancellation prediction
arrival_date_2016-11-17,0.0,-5.9649014e-05,5.9649014e-05,Decreases cancellation prediction
arrival_date_2017-06-27,0.0,-5.782004e-05,5.782004e-05,Decreases cancellation prediction
arrival_date_2016-02-28,0.0,-5.7648722e-05,5.7648722e-05,Decreases cancellation prediction
lead_time_category_Long,0.0,-5.7334182e-05,5.7334182e-05,Decreases cancellation prediction
arrival_date_2016-08-21,0.0,5.6374796e-05,5.6374796e-05,Increases cancellation prediction
arrival_date_2016-12-21,0.0,-5.2469542e-05,5.2469542e-05,Decreases cancellation prediction
arrival_date_2016-07-07,0.0,-5.240083e-05,5.240083e-05,Decreases cancellation prediction
arrival_date_2017-06-29,0.0,-4.829186e-05,4.829186e-05,Decreases cancellation prediction
arrival_date_2016-12-06,0.0,-4.8129874e-05,4.8129874e-05,Decreases cancellation prediction
arrival_date_2016-11-29,0.0,4.6814996e-05,4.6814996e-05,Increases cancellation prediction
arrival_date_2017-04-14,0.0,-4.6491383e-05,4.6491383e-05,Decreases cancellation prediction
arrival_date_2017-02-15,0.0,-4.6282556e-05,4.6282556e-05,Decreases cancellation prediction
meal_FB,0.0,4.5976365e-05,4.5976365e-05,Increases cancellation prediction
arrival_date_2017-05-20,0.0,4.59042e-05,4.59042e-05,Increases cancellation prediction
assigned_room_type_I,0.0,4.5811135e-05,4.5811135e-05,Increases cancellation prediction
arrival_date_2016-10-22,0.0,-4.528312e-05,4.528312e-05,Decreases cancellation prediction
arrival_date_2016-11-27,0.0,-4.5282868e-05,4.5282868e-05,Decreases cancellation prediction
arrival_date_2017-06-26,0.0,-4.5179226e-05,4.5179226e-05,Decreases cancellation prediction
arrival_date_2015-10-07,0.0,4.507494e-05,4.507494e-05,Increases cancellation prediction
country_QAT,0.0,-4.4360924e-05,4.4360924e-05,Decreases cancellation prediction
country_KOR,0.0,-4.2574102e-05,4.2574102e-05,Decreases cancellation prediction
arrival_date_2016-01-02,0.0,3.913375e-05,3.913375e-05,Increases cancellation prediction
arrival_date_2016-05-19,0.0,3.328957e-05,3.328957e-05,Increases cancellation prediction
arrival_date_2017-01-07,0.0,3.282119e-05,3.282119e-05,Increases cancellation prediction
arrival_date_2017-03-29,0.0,3.2114607e-05,3.2114607e-05,Increases cancellation prediction
arrival_date_2016-03-19,0.0,-3.1383413e-05,3.1383413e-05,Decreases cancellation prediction
arrival_date_2015-08-27,0.0,-3.132777e-05,3.132777e-05,Decreases cancellation prediction
arrival_date_2016-08-05,0.0,-3.040491e-05,3.040491e-05,Decreases cancellation prediction
arrival_date_2015-09-22,0.0,-2.982595e-05,2.982595e-05,Decreases cancellation prediction
arrival_date_2015-08-13,0.0,-2.9282884e-05,2.9282884e-05,Decreases cancellation prediction
arrival_date_2016-10-09,0.0,-2.7941169e-05,2.7941169e-05,Decreases cancellation prediction
arrival_date_2016-03-30,0.0,-2.2343516e-05,2.2343516e-05,Decreases cancellation prediction
arrival_date_2016-05-20,0.0,-2.1408478e-05,2.1408478e-05,Decreases cancellation prediction
arrival_date_2015-09-01,0.0,2.1112113e-05,2.1112113e-05,Increases cancellation prediction
arrival_date_2015-08-02,0.0,2.0849833e-05,2.0849833e-05,Increases cancellation prediction
arrival_date_2017-02-16,0.0,-2.0077789e-05,2.0077789e-05,Decreases cancellation prediction
arrival_date_2016-03-31,0.0,2.004396e-05,2.004396e-05,Increases cancellation prediction
country_CPV,0.0,-1.9991956e-05,1.9991956e-05,Decreases cancellation prediction
arrival_date_2017-07-03,0.0,-1.7980485e-05,1.7980485e-05,Decreases cancellation prediction
country_IRN,0.0,-1.7211683e-05,1.7211683e-05,Decreases cancellation prediction
arrival_date_2017-06-04,0.0,1.6467096e-05,1.6467096e-05,Increases cancellation prediction
arrival_date_2016-12-16,0.0,-1.6016247e-05,1.6016247e-05,Decreases cancellation prediction
assigned_room_type_K,0.0,-1.4004165e-05,1.4004165e-05,Decreases cancellation prediction
arrival_date_2017-07-31,0.0,1.3741486e-05,1.3741486e-05,Increases cancellation prediction
arrival_date_2016-03-18,0.0,1.3688295e-05,1.3688295e-05,Increases cancellation prediction
arrival_date_2016-12-29,0.0,1.1766282e-05,1.1766282e-05,Increases cancellation prediction
arrival_date_2016-10-21,0.0,1.1043953e-05,1.1043953e-05,Increases cancellation prediction
arrival_date_2017-08-08,0.0,1.07767555e-05,1.07767555e-05,Increases cancellation prediction
arrival_date_2016-12-30,0.0,-1.0115961e-05,1.0115961e-05,Decreases cancellation prediction
arrival_date_2016-03-24,0.0,-8.803983e-06,8.803983e-06,Decreases cancellation prediction
arrival_date_2017-02-08,0.0,7.848627e-06,7.848627e-06,Increases cancellation prediction
arrival_date_2016-10-28,0.0,-6.572058e-06,6.572058e-06,Decreases cancellation prediction
arrival_date_2017-05-26,0.0,6.5205386e-06,6.5205386e-06,Increases cancellation prediction
arrival_date_2015-08-01,0.0,6.373448e-06,6.373448e-06,Increases cancellation prediction
arrival_date_2016-04-04,0.0,6.092603e-06,6.092603e-06,Increases cancellation prediction
reserved_room_type_H,0.0,5.9615236e-06,5.9615236e-06,Increases cancellation prediction
arrival_date_2016-11-11,0.0,-5.779008e-06,5.779008e-06,Decreases cancellation prediction
arrival_date_2015-07-06,0.0,5.305429e-06,5.305429e-06,Increases cancellation prediction
arrival_date_2017-01-17,0.0,-4.3506075e-06,4.3506075e-06,Decreases cancellation prediction
arrival_date_2016-04-06,0.0,4.0365558e-07,4.0365558e-07,Increases cancellation prediction
arrival_date_2016-12-18,0.0,0.0,0.0,Decreases cancellation prediction
arrival_date_2016-06-23,0.0,0.0,0.0,Decreases cancellation prediction
arrival_date_2016-11-01,0.0,0.0,0.0,Decreases cancellation prediction
arrival_date_2016-06-28,0.0,0.0,0.0,Decreases cancellation prediction
arrival_date_2016-10-31,0.0,0.0,0.0,Decreases cancellation prediction
arrival_date_2016-10-18,0.0,0.0,0.0,Decreases cancellation prediction
arrival_date_2016-12-15,0.0,0.0,0.0,Decreases cancellation prediction
arrival_date_2016-06-29,0.0,0.0,0.0,Decreases cancellation prediction
arrival_date_2016-10-14,0.0,0.0,0.0,Decreases cancellation prediction
arrival_date_2016-10-30,0.0,0.0,0.0,Decreases cancellation prediction
arrival_date_2016-10-29,0.0,0.0,0.0,Decreases cancellation prediction
arrival_date_2016-10-19,0.0,0.0,0.0,Decreases cancellation prediction
arrival_date_2016-10-20,0.0,0.0,0.0,Decreases cancellation prediction
arrival_date_2016-10-15,0.0,0.0,0.0,Decreases cancellation prediction
arrival_date_2016-12-17,0.0,0.0,0.0,Decreases cancellation prediction
arrival_date_2016-12-19,0.0,0.0,0.0,Decreases cancellation prediction
arrival_date_2016-06-24,0.0,0.0,0.0,Decreases cancellation prediction
arrival_date_2016-10-16,0.0,0.0,0.0,Decreases cancellation prediction
arrival_date_2016-12-20,0.0,0.0,0.0,Decreases cancellation prediction
arrival_date_2016-06-25,0.0,0.0,0.0,Decreases cancellation prediction
arrival_date_2016-06-26,0.0,0.0,0.0,Decreases cancellation prediction
arrival_date_2016-06-27,0.0,0.0,0.0,Decreases cancellation prediction
arrival_date_2016-12-14,0.0,0.0,0.0,Decreases cancellation prediction
arrival_date_2016-10-24,0.0,0.0,0.0,Decreases cancellation prediction
arrival_date_2016-10-23,0.0,0.0,0.0,Decreases cancellation prediction
arrival_date_2016-11-30,0.0,0.0,0.0,Decreases cancellation prediction
arrival_date_2016-11-04,0.0,0.0,0.0,Decreases cancellation prediction
arrival_date_2016-11-03,0.0,0.0,0.0,Decreases cancellation prediction
arrival_date_2016-06-30,0.0,0.0,0.0,Decreases cancellation prediction
arrival_date_2016-11-18,0.0,0.0,0.0,Decreases cancellation prediction
arrival_date_2016-06-14,0.0,0.0,0.0,Decreases cancellation prediction
arrival_date_2016-11-19,0.0,0.0,0.0,Decreases cancellation prediction
arrival_date_2016-12-05,0.0,0.0,0.0,Decreases cancellation prediction
arrival_date_2016-06-18,0.0,0.0,0.0,Decreases cancellation prediction
arrival_date_2016-11-21,0.0,0.0,0.0,Decreases cancellation prediction
arrival_date_2016-11-22,0.0,0.0,0.0,Decreases cancellation prediction
arrival_date_2016-11-23,0.0,0.0,0.0,Decreases cancellation prediction
arrival_date_2016-11-24,0.0,0.0,0.0,Decreases cancellation prediction
arrival_date_2016-11-25,0.0,0.0,0.0,Decreases cancellation prediction
arrival_date_2016-12-04,0.0,0.0,0.0,Decreases cancellation prediction
arrival_date_2016-06-17,0.0,0.0,0.0,Decreases cancellation prediction
arrival_date_2016-11-26,0.0,0.0,0.0,Decreases cancellation prediction
arrival_date_2016-06-15,0.0,0.0,0.0,Decreases cancellation prediction
arrival_date_2016-11-28,0.0,0.0,0.0,Decreases cancellation prediction
arrival_date_2016-12-03,0.0,0.0,0.0,Decreases cancellation prediction
arrival_date_2016-06-16,0.0,0.0,0.0,Decreases cancellation prediction
arrival_date_2016-06-13,0.0,0.0,0.0,Decreases cancellation prediction
arrival_date_2016-11-16,0.0,0.0,0.0,Decreases cancellation prediction
arrival_date_2016-12-13,0.0,0.0,0.0,Decreases cancellation prediction
arrival_date_2016-11-15,0.0,0.0,0.0,Decreases cancellation prediction
arrival_date_2016-12-01,0.0,0.0,0.0,Decreases cancellation prediction
arrival_date_2016-06-22,0.0,0.0,0.0,Decreases cancellation prediction
arrival_date_2016-11-06,0.0,0.0,0.0,Decreases cancellation prediction
arrival_date_2016-06-21,0.0,0.0,0.0,Decreases cancellation prediction
arrival_date_2016-12-12,0.0,0.0,0.0,Decreases cancellation prediction
arrival_date_2016-06-20,0.0,0.0,0.0,Decreases cancellation prediction
arrival_date_2016-11-08,0.0,0.0,0.0,Decreases cancellation prediction
arrival_date_2016-11-09,0.0,0.0,0.0,Decreases cancellation prediction
arrival_date_2016-11-10,0.0,0.0,0.0,Decreases cancellation prediction
arrival_date_2016-12-11,0.0,0.0,0.0,Decreases cancellation prediction
arrival_date_2016-12-10,0.0,0.0,0.0,Decreases cancellation prediction
arrival_date_2016-12-09,0.0,0.0,0.0,Decreases cancellation prediction
arrival_date_2016-06-19,0.0,0.0,0.0,Decreases cancellation prediction
arrival_date_2016-11-12,0.0,0.0,0.0,Decreases cancellation prediction
arrival_date_2016-12-08,0.0,0.0,0.0,Decreases cancellation prediction
arrival_date_2016-11-13,0.0,0.0,0.0,Decreases cancellation prediction
arrival_date_2016-11-14,0.0,0.0,0.0,Decreases cancellation prediction
arrival_date_2016-08-13,0.0,0.0,0.0,Decreases cancellation prediction
arrival_date_2016-10-01,0.0,0.0,0.0,Decreases cancellation prediction
arrival_date_2016-07-01,0.0,0.0,0.0,Decreases cancellation prediction
arrival_date_2016-08-01,0.0,0.0,0.0,Decreases cancellation prediction
arrival_date_2016-08-04,0.0,0.0,0.0,Decreases cancellation prediction
arrival_date_2016-09-03,0.0,0.0,0.0,Decreases cancellation prediction
arrival_date_2016-08-03,0.0,0.0,0.0,Decreases cancellation prediction
arrival_date_2016-09-05,0.0,0.0,0.0,Decreases cancellation prediction
arrival_date_2016-09-06,0.0,0.0,0.0,Decreases cancellation prediction
arrival_date_2016-09-07,0.0,0.0,0.0,Decreases cancellation prediction
arrival_date_2016-08-02,0.0,0.0,0.0,Decreases cancellation prediction
arrival_date_2016-09-08,0.0,0.0,0.0,Decreases cancellation prediction
arrival_date_2016-09-09,0.0,0.0,0.0,Decreases cancellation prediction
arrival_date_2016-09-10,0.0,0.0,0.0,Decreases cancellation prediction
arrival_date_2016-09-01,0.0,0.0,0.0,Decreases cancellation prediction
arrival_date_2016-09-11,0.0,0.0,0.0,Decreases cancellation prediction
arrival_date_2016-07-31,0.0,0.0,0.0,Decreases cancellation prediction
arrival_date_2016-09-12,0.0,0.0,0.0,Decreases cancellation prediction
arrival_date_2016-07-30,0.0,0.0,0.0,Decreases cancellation prediction
arrival_date_2016-12-23,0.0,0.0,0.0,Decreases cancellation prediction
arrival_date_2016-07-29,0.0,0.0,0.0,Decreases cancellation prediction
arrival_date_2016-09-13,0.0,0.0,0.0,Decreases cancellation prediction
arrival_date_2016-07-27,0.0,0.0,0.0,Decreases cancellation prediction
arrival_date_2016-07-26,0.0,0.0,0.0,Decreases cancellation prediction
arrival_date_2016-09-02,0.0,0.0,0.0,Decreases cancellation prediction
arrival_date_2016-08-31,0.0,0.0,0.0,Decreases cancellation prediction
arrival_date_2016-10-13,0.0,0.0,0.0,Decreases cancellation prediction
arrival_date_2016-08-20,0.0,0.0,0.0,Decreases cancellation prediction
arrival_date_2016-08-14,0.0,0.0,0.0,Decreases cancellation prediction
arrival_date_2016-08-15,0.0,0.0,0.0,Decreases cancellation prediction
arrival_date_2016-08-11,0.0,0.0,0.0,Decreases cancellation prediction
arrival_date_2016-08-10,0.0,0.0,0.0,Decreases cancellation prediction
arrival_date_2016-08-16,0.0,0.0,0.0,Decreases cancellation prediction
arrival_date_2016-08-09,0.0,0.0,0.0,Decreases cancellation prediction
arrival_date_2016-08-18,0.0,0.0,0.0,Decreases cancellation prediction
arrival_date_2016-08-19,0.0,0.0,0.0,Decreases cancellation prediction
arrival_date_2016-08-08,0.0,0.0,0.0,Decreases cancellation prediction
arrival_date_2016-08-07,0.0,0.0,0.0,Decreases cancellation prediction
arrival_date_2016-08-30,0.0,0.0,0.0,Decreases cancellation prediction
arrival_date_2016-08-22,0.0,0.0,0.0,Decreases cancellation prediction
arrival_date_2016-08-23,0.0,0.0,0.0,Decreases cancellation prediction
arrival_date_2016-08-24,0.0,0.0,0.0,Decreases cancellation prediction
arrival_date_2016-08-25,0.0,0.0,0.0,Decreases cancellation prediction
arrival_date_2016-08-26,0.0,0.0,0.0,Decreases cancellation prediction
arrival_date_2016-08-27,0.0,0.0,0.0,Decreases cancellation prediction
arrival_date_2016-08-06,0.0,0.0,0.0,Decreases cancellation prediction
arrival_date_2016-08-28,0.0,0.0,0.0,Decreases cancellation prediction
arrival_date_2016-08-29,0.0,0.0,0.0,Decreases cancellation prediction
arrival_date_2016-07-25,0.0,0.0,0.0,Decreases cancellation prediction
arrival_date_2016-09-14,0.0,0.0,0.0,Decreases cancellation prediction
arrival_date_2016-07-24,0.0,0.0,0.0,Decreases cancellation prediction
arrival_date_2016-09-30,0.0,0.0,0.0,Decreases cancellation prediction
arrival_date_2016-09-21,0.0,0.0,0.0,Decreases cancellation prediction
arrival_date_2016-09-22,0.0,0.0,0.0,Decreases cancellation prediction
arrival_date_2016-09-23,0.0,0.0,0.0,Decreases cancellation prediction
arrival_date_2016-09-24,0.0,0.0,0.0,Decreases cancellation prediction
arrival_date_2016-07-03,0.0,0.0,0.0,Decreases cancellation prediction
arrival_date_2016-07-02,0.0,0.0,0.0,Decreases cancellation prediction
arrival_date_2016-09-27,0.0,0.0,0.0,Decreases cancellation prediction
arrival_date_2016-09-28,0.0,0.0,0.0,Decreases cancellation prediction
arrival_date_2016-09-29,0.0,0.0,0.0,Decreases cancellation prediction
arrival_date_2016-08-12,0.0,0.0,0.0,Decreases cancellation prediction
arrival_date_2016-07-23,0.0,0.0,0.0,Decreases cancellation prediction
arrival_date_2016-10-02,0.0,0.0,0.0,Decreases cancellation prediction
arrival_date_2016-10-03,0.0,0.0,0.0,Decreases cancellation prediction
arrival_date_2016-10-04,0.0,0.0,0.0,Decreases cancellation prediction
arrival_date_2016-10-05,1.0,0.0,0.0,Decreases cancellation prediction
arrival_date_2016-10-06,0.0,0.0,0.0,Decreases cancellation prediction
arrival_date_2016-10-07,0.0,0.0,0.0,Decreases cancellation prediction
arrival_date_2016-10-08,0.0,0.0,0.0,Decreases cancellation prediction
arrival_date_2016-10-10,0.0,0.0,0.0,Decreases cancellation prediction
arrival_date_2016-10-12,0.0,0.0,0.0,Decreases cancellation prediction
arrival_date_2016-07-04,0.0,0.0,0.0,Decreases cancellation prediction
arrival_date_2016-07-05,0.0,0.0,0.0,Decreases cancellation prediction
arrival_date_2016-07-06,0.0,0.0,0.0,Decreases cancellation prediction
arrival_date_2016-07-08,0.0,0.0,0.0,Decreases cancellation prediction
arrival_date_2016-07-22,0.0,0.0,0.0,Decreases cancellation prediction
arrival_date_2016-07-21,0.0,0.0,0.0,Decreases cancellation prediction
arrival_date_2016-07-20,0.0,0.0,0.0,Decreases cancellation prediction
arrival_date_2016-09-15,0.0,0.0,0.0,Decreases cancellation prediction
arrival_date_2016-09-16,0.0,0.0,0.0,Decreases cancellation prediction
arrival_date_2016-07-19,0.0,0.0,0.0,Decreases cancellation prediction
arrival_date_2016-07-18,0.0,0.0,0.0,Decreases cancellation prediction
arrival_date_2016-07-17,0.0,0.0,0.0,Decreases cancellation prediction
arrival_date_2016-07-15,0.0,0.0,0.0,Decreases cancellation prediction
arrival_date_2016-07-14,0.0,0.0,0.0,Decreases cancellation prediction
arrival_date_2016-07-13,0.0,0.0,0.0,Decreases cancellation prediction
arrival_date_2016-09-17,0.0,0.0,0.0,Decreases cancellation prediction
arrival_date_2016-09-18,0.0,0.0,0.0,Decreases cancellation prediction
arrival_date_2016-09-19,0.0,0.0,0.0,Decreases cancellation prediction
arrival_date_2016-07-12,0.0,0.0,0.0,Decreases cancellation prediction
arrival_date_2016-07-11,0.0,0.0,0.0,Decreases cancellation prediction
arrival_date_2016-07-10,0.0,0.0,0.0,Decreases cancellation prediction
arrival_date_2016-07-09,0.0,0.0,0.0,Decreases cancellation prediction
arrival_date_2016-09-20,0.0,0.0,0.0,Decreases cancellation prediction
arrival_date_2016-12-22,0.0,0.0,0.0,Decreases cancellation prediction
country_AND,0.0,0.0,0.0,Decreases cancellation prediction
arrival_date_2016-12-24,0.0,0.0,0.0,Decreases cancellation prediction
arrival_date_2017-06-16,0.0,0.0,0.0,Decreases cancellation prediction
arrival_date_2017-06-05,0.0,0.0,0.0,Decreases cancellation prediction
arrival_date_2017-06-06,0.0,0.0,0.0,Decreases cancellation prediction
arrival_date_2017-06-07,0.0,0.0,0.0,Decreases cancellation prediction
arrival_date_2017-06-08,0.0,0.0,0.0,Decreases cancellation prediction
arrival_date_2017-06-09,0.0,0.0,0.0,Decreases cancellation prediction
arrival_date_2017-06-10,0.0,0.0,0.0,Decreases cancellation prediction
arrival_date_2017-06-11,0.0,0.0,0.0,Decreases cancellation prediction
arrival_date_2017-06-12,0.0,0.0,0.0,Decreases cancellation prediction
arrival_date_2017-06-13,0.0,0.0,0.0,Decreases cancellation prediction
arrival_date_2017-06-14,0.0,0.0,0.0,Decreases cancellation prediction
arrival_date_2017-06-15,0.0,0.0,0.0,Decreases cancellation prediction
arrival_date_2017-06-17,0.0,0.0,0.0,Decreases cancellation prediction
arrival_date_2017-05-01,0.0,0.0,0.0,Decreases cancellation prediction
arrival_date_2017-06-18,0.0,0.0,0.0,Decreases cancellation prediction
arrival_date_2017-06-19,0.0,0.0,0.0,Decreases cancellation prediction
arrival_date_2017-06-20,0.0,0.0,0.0,Decreases cancellation prediction
arrival_date_2017-06-21,0.0,0.0,0.0,Decreases cancellation prediction
arrival_date_2017-06-22,0.0,0.0,0.0,Decreases cancellation prediction
arrival_date_2017-06-23,0.0,0.0,0.0,Decreases cancellation prediction
arrival_date_2017-06-24,0.0,0.0,0.0,Decreases cancellation prediction
arrival_date_2017-06-25,0.0,0.0,0.0,Decreases cancellation prediction
arrival_date_2017-06-28,0.0,0.0,0.0,Decreases cancellation prediction
arrival_date_2017-06-30,0.0,0.0,0.0,Decreases cancellation prediction
arrival_date_2017-07-01,0.0,0.0,0.0,Decreases cancellation prediction
arrival_date_2017-06-03,0.0,0.0,0.0,Decreases cancellation prediction
arrival_date_2017-06-02,0.0,0.0,0.0,Decreases cancellation prediction
arrival_date_2017-06-01,0.0,0.0,0.0,Decreases cancellation prediction
arrival_date_2017-05-31,0.0,0.0,0.0,Decreases cancellation prediction
arrival_date_2017-05-04,0.0,0.0,0.0,Decreases cancellation prediction
arrival_date_2017-05-06,0.0,0.0,0.0,Decreases cancellation prediction
arrival_date_2017-05-07,0.0,0.0,0.0,Decreases cancellation prediction
arrival_date_2017-05-08,0.0,0.0,0.0,Decreases cancellation prediction
arrival_date_2017-05-09,0.0,0.0,0.0,Decreases cancellation prediction
arrival_date_2017-05-10,0.0,0.0,0.0,Decreases cancellation prediction
arrival_date_2017-05-11,0.0,0.0,0.0,Decreases cancellation prediction
arrival_date_2017-05-12,0.0,0.0,0.0,Decreases cancellation prediction
arrival_date_2017-05-13,0.0,0.0,0.0,Decreases cancellation prediction
arrival_date_2017-05-14,0.0,0.0,0.0,Decreases cancellation prediction
arrival_date_2017-05-15,0.0,0.0,0.0,Decreases cancellation prediction
arrival_date_2017-05-16,0.0,0.0,0.0,Decreases cancellation prediction
arrival_date_2017-05-17,0.0,0.0,0.0,Decreases cancellation prediction
arrival_date_2017-05-18,0.0,0.0,0.0,Decreases cancellation prediction
arrival_date_2017-05-19,0.0,0.0,0.0,Decreases cancellation prediction
arrival_date_2017-05-21,0.0,0.0,0.0,Decreases cancellation prediction
arrival_date_2017-05-22,0.0,0.0,0.0,Decreases cancellation prediction
arrival_date_2017-05-23,0.0,0.0,0.0,Decreases cancellation prediction
arrival_date_2017-05-24,0.0,0.0,0.0,Decreases cancellation prediction
arrival_date_2017-05-27,0.0,0.0,0.0,Decreases cancellation prediction
arrival_date_2017-05-28,0.0,0.0,0.0,Decreases cancellation prediction
arrival_date_2017-05-29,0.0,0.0,0.0,Decreases cancellation prediction
arrival_date_2017-05-30,0.0,0.0,0.0,Decreases cancellation prediction
arrival_date_2017-07-02,0.0,0.0,0.0,Decreases cancellation prediction
arrival_date_2017-07-04,0.0,0.0,0.0,Decreases cancellation prediction
arrival_date_2017-07-05,0.0,0.0,0.0,Decreases cancellation prediction
arrival_date_2017-08-05,0.0,0.0,0.0,Decreases cancellation prediction
arrival_date_2017-08-07,0.0,0.0,0.0,Decreases cancellation prediction
arrival_date_2017-08-09,0.0,0.0,0.0,Decreases cancellation prediction
arrival_date_2017-08-10,0.0,0.0,0.0,Decreases cancellation prediction
arrival_date_2017-08-11,0.0,0.0,0.0,Decreases cancellation prediction
arrival_date_2017-08-12,0.0,0.0,0.0,Decreases cancellation prediction
arrival_date_2017-08-13,0.0,0.0,0.0,Decreases cancellation prediction
arrival_date_2017-08-14,0.0,0.0,0.0,Decreases cancellation prediction
arrival_date_2017-08-15,0.0,0.0,0.0,Decreases cancellation prediction
arrival_date_2017-08-17,0.0,0.0,0.0,Decreases cancellation prediction
arrival_date_2017-08-18,0.0,0.0,0.0,Decreases cancellation prediction
arrival_date_2017-08-19,0.0,0.0,0.0,Decreases cancellation prediction
arrival_date_2017-08-20,0.0,0.0,0.0,Decreases cancellation prediction
arrival_date_2017-08-21,0.0,0.0,0.0,Decreases cancellation prediction
arrival_date_2017-08-22,0.0,0.0,0.0,Decreases cancellation prediction
arrival_date_2017-08-23,0.0,0.0,0.0,Decreases cancellation prediction
arrival_date_2017-08-24,0.0,0.0,0.0,Decreases cancellation prediction
arrival_date_2017-08-25,0.0,0.0,0.0,Decreases cancellation prediction
arrival_date_2017-08-26,0.0,0.0,0.0,Decreases cancellation prediction
arrival_date_2017-08-27,0.0,0.0,0.0,Decreases cancellation prediction
arrival_date_2017-08-28,0.0,0.0,0.0,Decreases cancellation prediction
arrival_date_2017-08-29,0.0,0.0,0.0,Decreases cancellation prediction
arrival_date_2017-08-30,0.0,0.0,0.0,Decreases cancellation prediction
arrival_date_2017-08-31,0.0,0.0,0.0,Decreases cancellation prediction
arrival_date_2017-08-06,0.0,0.0,0.0,Decreases cancellation prediction
arrival_date_2017-08-04,0.0,0.0,0.0,Decreases cancellation prediction
arrival_date_2017-07-07,0.0,0.0,0.0,Decreases cancellation prediction
arrival_date_2017-08-03,0.0,0.0,0.0,Decreases cancellation prediction
arrival_date_2017-07-08,0.0,0.0,0.0,Decreases cancellation prediction
arrival_date_2017-07-09,0.0,0.0,0.0,Decreases cancellation prediction
arrival_date_2017-07-10,0.0,0.0,0.0,Decreases cancellation prediction
arrival_date_2017-07-11,0.0,0.0,0.0,Decreases cancellation prediction
arrival_date_2017-07-13,0.0,0.0,0.0,Decreases cancellation prediction
arrival_date_2017-07-14,0.0,0.0,0.0,Decreases cancellation prediction
arrival_date_2017-07-16,0.0,0.0,0.0,Decreases cancellation prediction
arrival_date_2017-07-17,0.0,0.0,0.0,Decreases cancellation prediction
arrival_date_2017-07-18,0.0,0.0,0.0,Decreases cancellation prediction
arrival_date_2017-07-19,0.0,0.0,0.0,Decreases cancellation prediction
arrival_date_2017-07-20,0.0,0.0,0.0,Decreases cancellation prediction
arrival_date_2017-07-21,0.0,0.0,0.0,Decreases cancellation prediction
arrival_date_2017-07-22,0.0,0.0,0.0,Decreases cancellation prediction
arrival_date_2017-07-23,0.0,0.0,0.0,Decreases cancellation prediction
arrival_date_2017-07-24,0.0,0.0,0.0,Decreases cancellation prediction
arrival_date_2017-07-25,0.0,0.0,0.0,Decreases cancellation prediction
arrival_date_2017-07-26,0.0,0.0,0.0,Decreases cancellation prediction
arrival_date_2017-07-27,0.0,0.0,0.0,Decreases cancellation prediction
arrival_date_2017-07-28,0.0,0.0,0.0,Decreases cancellation prediction
arrival_date_2017-07-29,0.0,0.0,0.0,Decreases cancellation prediction
arrival_date_2017-07-30,0.0,0.0,0.0,Decreases cancellation prediction
arrival_date_2017-08-01,0.0,0.0,0.0,Decreases cancellation prediction
arrival_date_2017-08-02,0.0,0.0,0.0,Decreases cancellation prediction
arrival_date_2017-05-02,0.0,0.0,0.0,Decreases cancellation prediction
arrival_date_2017-04-30,0.0,0.0,0.0,Decreases cancellation prediction
arrival_date_2016-12-25,0.0,0.0,0.0,Decreases cancellation prediction
arrival_date_2017-02-09,0.0,0.0,0.0,Decreases cancellation prediction
arrival_date_2017-01-27,0.0,0.0,0.0,Decreases cancellation prediction
arrival_date_2017-01-29,0.0,0.0,0.0,Decreases cancellation prediction
arrival_date_2017-01-30,0.0,0.0,0.0,Decreases cancellation prediction
arrival_date_2017-01-31,0.0,0.0,0.0,Decreases cancellation prediction
arrival_date_2017-02-01,0.0,0.0,0.0,Decreases cancellation prediction
arrival_date_2017-02-02,0.0,0.0,0.0,Decreases cancellation prediction
arrival_date_2017-02-03,0.0,0.0,0.0,Decreases cancellation prediction
arrival_date_2017-02-04,0.0,0.0,0.0,Decreases cancellation prediction
arrival_date_2017-02-05,0.0,0.0,0.0,Decreases cancellation prediction
arrival_date_2017-02-06,0.0,0.0,0.0,Decreases cancellation prediction
arrival_date_2017-02-07,0.0,0.0,0.0,Decreases cancellation prediction
arrival_date_2017-02-10,0.0,0.0,0.0,Decreases cancellation prediction
arrival_date_2017-04-29,0.0,0.0,0.0,Decreases cancellation prediction
arrival_date_2017-02-11,0.0,0.0,0.0,Decreases cancellation prediction
arrival_date_2017-02-12,0.0,0.0,0.0,Decreases cancellation prediction
arrival_date_2017-02-13,0.0,0.0,0.0,Decreases cancellation prediction
arrival_date_2017-02-17,0.0,0.0,0.0,Decreases cancellation prediction
arrival_date_2017-02-18,0.0,0.0,0.0,Decreases cancellation prediction
arrival_date_2017-02-19,0.0,0.0,0.0,Decreases cancellation prediction
arrival_date_2016-06-11,0.0,0.0,0.0,Decreases cancellation prediction
arrival_date_2017-02-21,0.0,0.0,0.0,Decreases cancellation prediction
arrival_date_2017-02-22,0.0,0.0,0.0,Decreases cancellation prediction
arrival_date_2017-02-23,0.0,0.0,0.0,Decreases cancellation prediction
arrival_date_2017-02-24,0.0,0.0,0.0,Decreases cancellation prediction
arrival_date_2017-01-26,0.0,0.0,0.0,Decreases cancellation prediction
arrival_date_2017-01-25,0.0,0.0,0.0,Decreases cancellation prediction
arrival_date_2017-01-24,0.0,0.0,0.0,Decreases cancellation prediction
arrival_date_2017-01-23,0.0,0.0,0.0,Decreases cancellation prediction
arrival_date_2016-12-26,0.0,0.0,0.0,Decreases cancellation prediction
arrival_date_2016-12-27,0.0,0.0,0.0,Decreases cancellation prediction
arrival_date_2016-12-28,0.0,0.0,0.0,Decreases cancellation prediction
arrival_date_2016-12-31,0.0,0.0,0.0,Decreases cancellation prediction
arrival_date_2017-01-01,0.0,0.0,0.0,Decreases cancellation prediction
arrival_date_2017-01-02,0.0,0.0,0.0,Decreases cancellation prediction
arrival_date_2017-01-03,0.0,0.0,0.0,Decreases cancellation prediction
arrival_date_2017-01-04,0.0,0.0,0.0,Decreases cancellation prediction
arrival_date_2017-01-05,0.0,0.0,0.0,Decreases cancellation prediction
arrival_date_2017-01-08,0.0,0.0,0.0,Decreases cancellation prediction
arrival_date_2017-01-09,0.0,0.0,0.0,Decreases cancellation prediction
arrival_date_2017-01-10,0.0,0.0,0.0,Decreases cancellation prediction
arrival_date_2017-01-11,0.0,0.0,0.0,Decreases cancellation prediction
arrival_date_2017-01-12,0.0,0.0,0.0,Decreases cancellation prediction
arrival_date_2017-01-13,0.0,0.0,0.0,Decreases cancellation prediction
arrival_date_2017-01-14,0.0,0.0,0.0,Decreases cancellation prediction
arrival_date_2017-01-15,0.0,0.0,0.0,Decreases cancellation prediction
arrival_date_2017-01-16,0.0,0.0,0.0,Decreases cancellation prediction
arrival_date_2017-01-18,0.0,0.0,0.0,Decreases cancellation prediction
arrival_date_2017-01-19,0.0,0.0,0.0,Decreases cancellation prediction
arrival_date_2017-01-20,0.0,0.0,0.0,Decreases cancellation prediction
arrival_date_2017-01-21,0.0,0.0,0.0,Decreases cancellation prediction
arrival_date_2017-01-22,0.0,0.0,0.0,Decreases cancellation prediction
arrival_date_2017-02-25,0.0,0.0,0.0,Decreases cancellation prediction
arrival_date_2017-02-26,0.0,0.0,0.0,Decreases cancellation prediction
arrival_date_2017-02-27,0.0,0.0,0.0,Decreases cancellation prediction
arrival_date_2017-04-01,0.0,0.0,0.0,Decreases cancellation prediction
arrival_date_2017-04-03,0.0,0.0,0.0,Decreases cancellation prediction
arrival_date_2017-04-04,0.0,0.0,0.0,Decreases cancellation prediction
arrival_date_2017-04-05,0.0,0.0,0.0,Decreases cancellation prediction
arrival_date_2017-04-07,0.0,0.0,0.0,Decreases cancellation prediction
arrival_date_2017-04-08,0.0,0.0,0.0,Decreases cancellation prediction
arrival_date_2017-04-09,0.0,0.0,0.0,Decreases cancellation prediction
arrival_date_2017-04-10,0.0,0.0,0.0,Decreases cancellation prediction
arrival_date_2017-04-11,0.0,0.0,0.0,Decreases cancellation prediction
arrival_date_2017-04-12,0.0,0.0,0.0,Decreases cancellation prediction
arrival_date_2017-04-13,0.0,0.0,0.0,Decreases cancellation prediction
arrival_date_2017-04-15,0.0,0.0,0.0,Decreases cancellation prediction
arrival_date_2017-04-16,0.0,0.0,0.0,Decreases cancellation prediction
arrival_date_2017-04-17,0.0,0.0,0.0,Decreases cancellation prediction
arrival_date_2017-04-18,0.0,0.0,0.0,Decreases cancellation prediction
arrival_date_2017-04-19,0.0,0.0,0.0,Decreases cancellation prediction
arrival_date_2017-04-20,0.0,0.0,0.0,Decreases cancellation prediction
arrival_date_2017-04-22,0.0,0.0,0.0,Decreases cancellation prediction
arrival_date_2017-04-23,0.0,0.0,0.0,Decreases cancellation prediction
arrival_date_2017-04-24,0.0,0.0,0.0,Decreases cancellation prediction
arrival_date_2017-04-25,0.0,0.0,0.0,Decreases cancellation prediction
arrival_date_2017-04-26,0.0,0.0,0.0,Decreases cancellation prediction
arrival_date_2017-04-27,0.0,0.0,0.0,Decreases cancellation prediction
arrival_date_2017-04-28,0.0,0.0,0.0,Decreases cancellation prediction
arrival_date_2017-04-02,0.0,0.0,0.0,Decreases cancellation prediction
arrival_date_2017-03-31,0.0,0.0,0.0,Decreases cancellation prediction
arrival_date_2017-02-28,0.0,0.0,0.0,Decreases cancellation prediction
arrival_date_2017-03-30,0.0,0.0,0.0,Decreases cancellation prediction
arrival_date_2017-03-02,0.0,0.0,0.0,Decreases cancellation prediction
arrival_date_2017-03-03,0.0,0.0,0.0,Decreases cancellation prediction
arrival_date_2017-03-04,0.0,0.0,0.0,Decreases cancellation prediction
arrival_date_2017-03-05,0.0,0.0,0.0,Decreases cancellation prediction
arrival_date_2017-03-06,0.0,0.0,0.0,Decreases cancellation prediction
arrival_date_2017-03-07,0.0,0.0,0.0,Decreases cancellation prediction
arrival_date_2017-03-08,0.0,0.0,0.0,Decreases cancellation prediction
arrival_date_2017-03-09,0.0,0.0,0.0,Decreases cancellation prediction
arrival_date_2017-03-10,0.0,0.0,0.0,Decreases cancellation prediction
arrival_date_2017-03-11,0.0,0.0,0.0,Decreases cancellation prediction
arrival_date_2017-03-12,0.0,0.0,0.0,Decreases cancellation prediction
arrival_date_2017-03-13,0.0,0.0,0.0,Decreases cancellation prediction
arrival_date_2017-03-14,0.0,0.0,0.0,Decreases cancellation prediction
arrival_date_2017-03-15,0.0,0.0,0.0,Decreases cancellation prediction
arrival_date_2017-03-16,0.0,0.0,0.0,Decreases cancellation prediction
arrival_date_2017-03-17,0.0,0.0,0.0,Decreases cancellation prediction
arrival_date_2017-03-18,0.0,0.0,0.0,Decreases cancellation prediction
arrival_date_2017-03-22,0.0,0.0,0.0,Decreases cancellation prediction
arrival_date_2017-03-23,0.0,0.0,0.0,Decreases cancellation prediction
arrival_date_2017-03-24,0.0,0.0,0.0,Decreases cancellation prediction
arrival_date_2017-03-25,0.0,0.0,0.0,Decreases cancellation prediction
arrival_date_2017-03-27,0.0,0.0,0.0,Decreases cancellation prediction
arrival_date_2017-03-28,0.0,0.0,0.0,Decreases cancellation prediction
arrival_date_2017-02-20,0.0,0.0,0.0,Decreases cancellation prediction
arrival_date_2016-04-18,0.0,0.0,0.0,Decreases cancellation prediction
arrival_date_2016-06-10,0.0,0.0,0.0,Decreases cancellation prediction
country_TGO,0.0,0.0,0.0,Decreases cancellation prediction
arrival_date_2015-07-05,0.0,0.0,0.0,Decreases cancellation prediction
arrival_date_2015-07-07,0.0,0.0,0.0,Decreases cancellation prediction
arrival_date_2015-07-08,0.0,0.0,0.0,Decreases cancellation prediction
arrival_date_2015-07-09,0.0,0.0,0.0,Decreases cancellation prediction
arrival_date_2015-07-10,0.0,0.0,0.0,Decreases cancellation prediction
arrival_date_2015-07-11,0.0,0.0,0.0,Decreases cancellation prediction
arrival_date_2015-07-12,0.0,0.0,0.0,Decreases cancellation prediction
arrival_date_2015-07-13,0.0,0.0,0.0,Decreases cancellation prediction
arrival_date_2015-07-14,0.0,0.0,0.0,Decreases cancellation prediction
arrival_date_2015-07-15,0.0,0.0,0.0,Decreases cancellation prediction
arrival_date_2015-07-16,0.0,0.0,0.0,Decreases cancellation prediction
arrival_date_2015-07-17,0.0,0.0,0.0,Decreases cancellation prediction
arrival_date_2015-07-18,0.0,0.0,0.0,Decreases cancellation prediction
arrival_date_2015-07-19,0.0,0.0,0.0,Decreases cancellation prediction
arrival_date_2015-07-20,0.0,0.0,0.0,Decreases cancellation prediction
arrival_date_2015-07-21,0.0,0.0,0.0,Decreases cancellation prediction
arrival_date_2015-07-22,0.0,0.0,0.0,Decreases cancellation prediction
arrival_date_2015-07-23,0.0,0.0,0.0,Decreases cancellation prediction
arrival_date_2015-07-24,0.0,0.0,0.0,Decreases cancellation prediction
arrival_date_2015-07-25,0.0,0.0,0.0,Decreases cancellation prediction
arrival_date_2015-07-26,0.0,0.0,0.0,Decreases cancellation prediction
arrival_date_2015-07-27,0.0,0.0,0.0,Decreases cancellation prediction
arrival_date_2015-07-28,0.0,0.0,0.0,Decreases cancellation prediction
arrival_date_2015-07-29,0.0,0.0,0.0,Decreases cancellation prediction
arrival_date_2015-07-30,0.0,0.0,0.0,Decreases cancellation prediction
arrival_date_2015-07-04,0.0,0.0,0.0,Decreases cancellation prediction
arrival_date_2015-07-03,0.0,0.0,0.0,Decreases cancellation prediction
arrival_date_2015-07-02,0.0,0.0,0.0,Decreases cancellation prediction
country_VNM,0.0,0.0,0.0,Decreases cancellation prediction
country_TMP,0.0,0.0,0.0,Decreases cancellation prediction
country_TUN,0.0,0.0,0.0,Decreases cancellation prediction
country_TWN,0.0,0.0,0.0,Decreases cancellation prediction
country_TZA,0.0,0.0,0.0,Decreases cancellation prediction
country_UGA,0.0,0.0,0.0,Decreases cancellation prediction
country_UKR,0.0,0.0,0.0,Decreases cancellation prediction
country_UMI,0.0,0.0,0.0,Decreases cancellation prediction
country_URY,0.0,0.0,0.0,Decreases cancellation prediction
country_UZB,0.0,0.0,0.0,Decreases cancellation prediction
country_VEN,0.0,0.0,0.0,Decreases cancellation prediction
country_VGB,0.0,0.0,0.0,Decreases cancellation prediction
country_ZMB,0.0,0.0,0.0,Decreases cancellation prediction
arrival_date_2015-07-01,0.0,0.0,0.0,Decreases cancellation prediction
country_ZWE,0.0,0.0,0.0,Decreases cancellation prediction
was_on_waiting_list,-0.09838646667632599,0.0,0.0,Decreases cancellation prediction
market_segment_Undefined,0.0,0.0,0.0,Decreases cancellation prediction
distribution_channel_Undefined,0.0,0.0,0.0,Decreases cancellation prediction
reserved_room_type_L,0.0,0.0,0.0,Decreases cancellation prediction
reserved_room_type_P,0.0,0.0,0.0,Decreases cancellation prediction
assigned_room_type_H,0.0,0.0,0.0,Decreases cancellation prediction
assigned_room_type_L,0.0,0.0,0.0,Decreases cancellation prediction
assigned_room_type_P,0.0,0.0,0.0,Decreases cancellation prediction
deposit_type_Refundable,0.0,0.0,0.0,Decreases cancellation prediction
customer_type_Group,0.0,0.0,0.0,Decreases cancellation prediction
arrival_date_2015-07-31,0.0,0.0,0.0,Decreases cancellation prediction
arrival_date_2015-08-03,0.0,0.0,0.0,Decreases cancellation prediction
arrival_date_2015-08-04,0.0,0.0,0.0,Decreases cancellation prediction
arrival_date_2015-09-20,0.0,0.0,0.0,Decreases cancellation prediction
arrival_date_2015-09-09,0.0,0.0,0.0,Decreases cancellation prediction
arrival_date_2015-09-10,0.0,0.0,0.0,Decreases cancellation prediction
arrival_date_2015-09-11,0.0,0.0,0.0,Decreases cancellation prediction
arrival_date_2015-09-12,0.0,0.0,0.0,Decreases cancellation prediction
arrival_date_2015-09-13,0.0,0.0,0.0,Decreases cancellation prediction
arrival_date_2015-09-14,0.0,0.0,0.0,Decreases cancellation prediction
arrival_date_2015-09-15,0.0,0.0,0.0,Decreases cancellation prediction
arrival_date_2015-09-16,0.0,0.0,0.0,Decreases cancellation prediction
arrival_date_2015-09-17,0.0,0.0,0.0,Decreases cancellation prediction
arrival_date_2015-09-18,0.0,0.0,0.0,Decreases cancellation prediction
arrival_date_2015-09-19,0.0,0.0,0.0,Decreases cancellation prediction
arrival_date_2015-09-21,0.0,0.0,0.0,Decreases cancellation prediction
arrival_date_2015-09-07,0.0,0.0,0.0,Decreases cancellation prediction
arrival_date_2015-09-23,0.0,0.0,0.0,Decreases cancellation prediction
arrival_date_2015-09-24,0.0,0.0,0.0,Decreases cancellation prediction
arrival_date_2015-09-25,0.0,0.0,0.0,Decreases cancellation prediction
arrival_date_2015-09-26,0.0,0.0,0.0,Decreases cancellation prediction
arrival_date_2015-09-27,0.0,0.0,0.0,Decreases cancellation prediction
arrival_date_2015-09-28,0.0,0.0,0.0,Decreases cancellation prediction
arrival_date_2015-09-29,0.0,0.0,0.0,Decreases cancellation prediction
arrival_date_2015-09-30,0.0,0.0,0.0,Decreases cancellation prediction
arrival_date_2015-10-01,0.0,0.0,0.0,Decreases cancellation prediction
arrival_date_2015-10-02,0.0,0.0,0.0,Decreases cancellation prediction
arrival_date_2015-10-03,0.0,0.0,0.0,Decreases cancellation prediction
arrival_date_2015-09-08,0.0,0.0,0.0,Decreases cancellation prediction
arrival_date_2015-09-06,0.0,0.0,0.0,Decreases cancellation prediction
arrival_date_2015-08-05,0.0,0.0,0.0,Decreases cancellation prediction
arrival_date_2015-08-20,0.0,0.0,0.0,Decreases cancellation prediction
arrival_date_2015-08-06,0.0,0.0,0.0,Decreases cancellation prediction
arrival_date_2015-08-07,0.0,0.0,0.0,Decreases cancellation prediction
arrival_date_2015-08-08,0.0,0.0,0.0,Decreases cancellation prediction
arrival_date_2015-08-09,0.0,0.0,0.0,Decreases cancellation prediction
arrival_date_2015-08-10,0.0,0.0,0.0,Decreases cancellation prediction
arrival_date_2015-08-11,0.0,0.0,0.0,Decreases cancellation prediction
arrival_date_2015-08-12,0.0,0.0,0.0,Decreases cancellation prediction
arrival_date_2015-08-14,0.0,0.0,0.0,Decreases cancellation prediction
arrival_date_2015-08-15,0.0,0.0,0.0,Decreases cancellation prediction
arrival_date_2015-08-16,0.0,0.0,0.0,Decreases cancellation prediction
arrival_date_2015-08-19,0.0,0.0,0.0,Decreases cancellation prediction
arrival_date_2015-08-21,0.0,0.0,0.0,Decreases cancellation prediction
arrival_date_2015-09-04,0.0,0.0,0.0,Decreases cancellation prediction
arrival_date_2015-08-22,0.0,0.0,0.0,Decreases cancellation prediction
arrival_date_2015-08-23,0.0,0.0,0.0,Decreases cancellation prediction
arrival_date_2015-08-24,0.0,0.0,0.0,Decreases cancellation prediction
arrival_date_2015-08-25,0.0,0.0,0.0,Decreases cancellation prediction
arrival_date_2015-08-26,0.0,0.0,0.0,Decreases cancellation prediction
arrival_date_2015-08-28,0.0,0.0,0.0,Decreases cancellation prediction
arrival_date_2015-08-29,0.0,0.0,0.0,Decreases cancellation prediction
arrival_date_2015-08-30,0.0,0.0,0.0,Decreases cancellation prediction
arrival_date_2015-08-31,0.0,0.0,0.0,Decreases cancellation prediction
arrival_date_2015-09-02,0.0,0.0,0.0,Decreases cancellation prediction
arrival_date_2015-09-03,0.0,0.0,0.0,Decreases cancellation prediction
country_TJK,0.0,0.0,0.0,Decreases cancellation prediction
country_SYR,0.0,0.0,0.0,Decreases cancellation prediction
arrival_date_2016-06-09,0.0,0.0,0.0,Decreases cancellation prediction
country_SYC,0.0,0.0,0.0,Decreases cancellation prediction
country_CUB,0.0,0.0,0.0,Decreases cancellation prediction
country_CYM,0.0,0.0,0.0,Decreases cancellation prediction
country_CYP,0.0,0.0,0.0,Decreases cancellation prediction
country_CZE,0.0,0.0,0.0,Decreases cancellation prediction
country_ABW,0.0,0.0,0.0,Decreases cancellation prediction
country_DJI,0.0,0.0,0.0,Decreases cancellation prediction
country_DMA,0.0,0.0,0.0,Decreases cancellation prediction
country_DOM,0.0,0.0,0.0,Decreases cancellation prediction
country_DZA,0.0,0.0,0.0,Decreases cancellation prediction
country_ECU,0.0,0.0,0.0,Decreases cancellation prediction
country_EGY,0.0,0.0,0.0,Decreases cancellation prediction
country_EST,0.0,0.0,0.0,Decreases cancellation prediction
country_ETH,0.0,0.0,0.0,Decreases cancellation prediction
country_FJI,0.0,0.0,0.0,Decreases cancellation prediction
country_FRO,0.0,0.0,0.0,Decreases cancellation prediction
country_GAB,0.0,0.0,0.0,Decreases cancellation prediction
country_GEO,0.0,0.0,0.0,Decreases cancellation prediction
country_GGY,0.0,0.0,0.0,Decreases cancellation prediction
country_GHA,0.0,0.0,0.0,Decreases cancellation prediction
country_GNB,0.0,0.0,0.0,Decreases cancellation prediction
country_GRC,0.0,0.0,0.0,Decreases cancellation prediction
country_GTM,0.0,0.0,0.0,Decreases cancellation prediction
country_GUY,0.0,0.0,0.0,Decreases cancellation prediction
country_HND,0.0,0.0,0.0,Decreases cancellation prediction
country_HRV,0.0,0.0,0.0,Decreases cancellation prediction
country_CRI,0.0,0.0,0.0,Decreases cancellation prediction
country_COM,0.0,0.0,0.0,Decreases cancellation prediction
country_COL,0.0,0.0,0.0,Decreases cancellation prediction
country_BGR,0.0,0.0,0.0,Decreases cancellation prediction
country_ARG,0.0,0.0,0.0,Decreases cancellation prediction
country_ARM,0.0,0.0,0.0,Decreases cancellation prediction
country_ATA,0.0,0.0,0.0,Decreases cancellation prediction
country_ATF,0.0,0.0,0.0,Decreases cancellation prediction
country_AUS,0.0,0.0,0.0,Decreases cancellation prediction
country_AZE,0.0,0.0,0.0,Decreases cancellation prediction
country_BDI,0.0,0.0,0.0,Decreases cancellation prediction
country_ALB,0.0,0.0,0.0,Decreases cancellation prediction
country_BEN,0.0,0.0,0.0,Decreases cancellation prediction
country_BFA,0.0,0.0,0.0,Decreases cancellation prediction
country_BGD,0.0,0.0,0.0,Decreases cancellation prediction
country_BHR,0.0,0.0,0.0,Decreases cancellation prediction
country_CN,0.0,0.0,0.0,Decreases cancellation prediction
country_BHS,0.0,0.0,0.0,Decreases cancellation prediction
country_BIH,0.0,0.0,0.0,Decreases cancellation prediction
country_BLR,0.0,0.0,0.0,Decreases cancellation prediction
country_BOL,0.0,0.0,0.0,Decreases cancellation prediction
country_AIA,0.0,0.0,0.0,Decreases cancellation prediction
country_BRB,0.0,0.0,0.0,Decreases cancellation prediction
country_BWA,0.0,0.0,0.0,Decreases cancellation prediction
country_CAF,0.0,0.0,0.0,Decreases cancellation prediction
country_CHL,0.0,0.0,0.0,Decreases cancellation prediction
country_CIV,0.0,0.0,0.0,Decreases cancellation prediction
country_CMR,0.0,0.0,0.0,Decreases cancellation prediction
country_HUN,0.0,0.0,0.0,Decreases cancellation prediction
country_IMN,0.0,0.0,0.0,Decreases cancellation prediction
country_IND,0.0,0.0,0.0,Decreases cancellation prediction
country_PYF,0.0,0.0,0.0,Decreases cancellation prediction
country_NCL,0.0,0.0,0.0,Decreases cancellation prediction
country_NIC,0.0,0.0,0.0,Decreases cancellation prediction
country_NPL,0.0,0.0,0.0,Decreases cancellation prediction
country_OMN,0.0,0.0,0.0,Decreases cancellation prediction
country_PAK,0.0,0.0,0.0,Decreases cancellation prediction
country_PAN,0.0,0.0,0.0,Decreases cancellation prediction
country_PER,0.0,0.0,0.0,Decreases cancellation prediction
country_PLW,0.0,0.0,0.0,Decreases cancellation prediction
country_POL,0.0,0.0,0.0,Decreases cancellation prediction
country_PRI,0.0,0.0,0.0,Decreases cancellation prediction
country_PRY,0.0,0.0,0.0,Decreases cancellation prediction
country_ROU,0.0,0.0,0.0,Decreases cancellation prediction
country_MYT,0.0,0.0,0.0,Decreases cancellation prediction
country_RWA,0.0,0.0,0.0,Decreases cancellation prediction
country_SDN,0.0,0.0,0.0,Decreases cancellation prediction
country_SEN,0.0,0.0,0.0,Decreases cancellation prediction
country_SGP,0.0,0.0,0.0,Decreases cancellation prediction
country_SLV,0.0,0.0,0.0,Decreases cancellation prediction
country_SMR,0.0,0.0,0.0,Decreases cancellation prediction
country_SRB,0.0,0.0,0.0,Decreases cancellation prediction
country_STP,0.0,0.0,0.0,Decreases cancellation prediction
country_SUR,0.0,0.0,0.0,Decreases cancellation prediction
country_SVK,0.0,0.0,0.0,Decreases cancellation prediction
country_SVN,0.0,0.0,0.0,Decreases cancellation prediction
country_NAM,0.0,0.0,0.0,Decreases cancellation prediction
country_MYS,0.0,0.0,0.0,Decreases cancellation prediction
country_IRQ,0.0,0.0,0.0,Decreases cancellation prediction
country_LBY,0.0,0.0,0.0,Decreases cancellation prediction
country_ISL,0.0,0.0,0.0,Decreases cancellation prediction
country_JAM,0.0,0.0,0.0,Decreases cancellation prediction
country_JEY,0.0,0.0,0.0,Decreases cancellation prediction
country_JOR,0.0,0.0,0.0,Decreases cancellation prediction
country_KAZ,0.0,0.0,0.0,Decreases cancellation prediction
country_KEN,0.0,0.0,0.0,Decreases cancellation prediction
country_KHM,0.0,0.0,0.0,Decreases cancellation prediction
country_KNA,0.0,0.0,0.0,Decreases cancellation prediction
country_KWT,0.0,0.0,0.0,Decreases cancellation prediction
country_LAO,0.0,0.0,0.0,Decreases cancellation prediction
country_LBN,0.0,0.0,0.0,Decreases cancellation prediction
country_LIE,0.0,0.0,0.0,Decreases cancellation prediction
country_MWI,0.0,0.0,0.0,Decreases cancellation prediction
country_LKA,0.0,0.0,0.0,Decreases cancellation prediction
country_LTU,0.0,0.0,0.0,Decreases cancellation prediction
country_LVA,0.0,0.0,0.0,Decreases cancellation prediction
country_MAC,0.0,0.0,0.0,Decreases cancellation prediction
country_MCO,0.0,0.0,0.0,Decreases cancellation prediction
country_MDV,0.0,0.0,0.0,Decreases cancellation prediction
country_MKD,0.0,0.0,0.0,Decreases cancellation prediction
country_MLT,0.0,0.0,0.0,Decreases cancellation prediction
country_MNE,0.0,0.0,0.0,Decreases cancellation prediction
country_MRT,0.0,0.0,0.0,Decreases cancellation prediction
country_MUS,0.0,0.0,0.0,Decreases cancellation prediction
arrival_date_2015-10-04,0.0,0.0,0.0,Decreases cancellation prediction
arrival_date_2015-10-05,0.0,0.0,0.0,Decreases cancellation prediction
arrival_date_2015-10-06,0.0,0.0,0.0,Decreases cancellation prediction
arrival_date_2015-10-08,0.0,0.0,0.0,Decreases cancellation prediction
arrival_date_2016-03-04,0.0,0.0,0.0,Decreases cancellation prediction
arrival_date_2016-03-05,0.0,0.0,0.0,Decreases cancellation prediction
arrival_date_2016-03-06,0.0,0.0,0.0,Decreases cancellation prediction
arrival_date_2016-03-07,0.0,0.0,0.0,Decreases cancellation prediction
arrival_date_2016-03-08,0.0,0.0,0.0,Decreases cancellation prediction
arrival_date_2016-03-09,0.0,0.0,0.0,Decreases cancellation prediction
arrival_date_2016-03-10,0.0,0.0,0.0,Decreases cancellation prediction
arrival_date_2016-03-11,0.0,0.0,0.0,Decreases cancellation prediction
arrival_date_2016-03-12,0.0,0.0,0.0,Decreases cancellation prediction
arrival_date_2016-03-13,0.0,0.0,0.0,Decreases cancellation prediction
arrival_date_2016-03-14,0.0,0.0,0.0,Decreases cancellation prediction
arrival_date_2016-03-15,0.0,0.0,0.0,Decreases cancellation prediction
arrival_date_2016-03-16,0.0,0.0,0.0,Decreases cancellation prediction
arrival_date_2016-03-17,0.0,0.0,0.0,Decreases cancellation prediction
arrival_date_2016-03-20,0.0,0.0,0.0,Decreases cancellation prediction
arrival_date_2016-03-21,0.0,0.0,0.0,Decreases cancellation prediction
arrival_date_2016-03-22,0.0,0.0,0.0,Decreases cancellation prediction
arrival_date_2016-03-23,0.0,0.0,0.0,Decreases cancellation prediction
arrival_date_2016-03-26,0.0,0.0,0.0,Decreases cancellation prediction
arrival_date_2016-03-27,0.0,0.0,0.0,Decreases cancellation prediction
arrival_date_2016-03-28,0.0,0.0,0.0,Decreases cancellation prediction
arrival_date_2016-03-29,0.0,0.0,0.0,Decreases cancellation prediction
arrival_date_2016-04-01,0.0,0.0,0.0,Decreases cancellation prediction
arrival_date_2016-04-02,0.0,0.0,0.0,Decreases cancellation prediction
arrival_date_2016-04-03,0.0,0.0,0.0,Decreases cancellation prediction
arrival_date_2016-03-03,0.0,0.0,0.0,Decreases cancellation prediction
arrival_date_2016-03-02,0.0,0.0,0.0,Decreases cancellation prediction
arrival_date_2016-03-01,0.0,0.0,0.0,Decreases cancellation prediction
arrival_date_2016-02-15,0.0,0.0,0.0,Decreases cancellation prediction
arrival_date_2016-02-03,0.0,0.0,0.0,Decreases cancellation prediction
arrival_date_2016-02-04,0.0,0.0,0.0,Decreases cancellation prediction
arrival_date_2016-02-05,0.0,0.0,0.0,Decreases cancellation prediction
arrival_date_2016-02-06,0.0,0.0,0.0,Decreases cancellation prediction
arrival_date_2016-02-07,0.0,0.0,0.0,Decreases cancellation prediction
arrival_date_2016-02-09,0.0,0.0,0.0,Decreases cancellation prediction
arrival_date_2016-02-10,0.0,0.0,0.0,Decreases cancellation prediction
arrival_date_2016-02-11,0.0,0.0,0.0,Decreases cancellation prediction
arrival_date_2016-02-12,0.0,0.0,0.0,Decreases cancellation prediction
arrival_date_2016-02-13,0.0,0.0,0.0,Decreases cancellation prediction
arrival_date_2016-02-14,0.0,0.0,0.0,Decreases cancellation prediction
arrival_date_2016-02-16,0.0,0.0,0.0,Decreases cancellation prediction
arrival_date_2016-02-29,0.0,0.0,0.0,Decreases cancellation prediction
arrival_date_2016-02-17,0.0,0.0,0.0,Decreases cancellation prediction
arrival_date_2016-02-18,0.0,0.0,0.0,Decreases cancellation prediction
arrival_date_2016-02-19,0.0,0.0,0.0,Decreases cancellation prediction
arrival_date_2016-02-20,0.0,0.0,0.0,Decreases cancellation prediction
arrival_date_2016-02-21,0.0,0.0,0.0,Decreases cancellation prediction
arrival_date_2016-02-22,0.0,0.0,0.0,Decreases cancellation prediction
arrival_date_2016-02-23,0.0,0.0,0.0,Decreases cancellation prediction
arrival_date_2016-02-24,0.0,0.0,0.0,Decreases cancellation prediction
arrival_date_2016-02-25,0.0,0.0,0.0,Decreases cancellation prediction
arrival_date_2016-02-26,0.0,0.0,0.0,Decreases cancellation prediction
arrival_date_2016-02-27,0.0,0.0,0.0,Decreases cancellation prediction
arrival_date_2016-04-05,0.0,0.0,0.0,Decreases cancellation prediction
arrival_date_2016-04-07,0.0,0.0,0.0,Decreases cancellation prediction
arrival_date_2016-04-08,0.0,0.0,0.0,Decreases cancellation prediction
arrival_date_2016-05-27,0.0,0.0,0.0,Decreases cancellation prediction
arrival_date_2016-05-13,0.0,0.0,0.0,Decreases cancellation prediction
arrival_date_2016-05-14,0.0,0.0,0.0,Decreases cancellation prediction
arrival_date_2016-05-15,0.0,0.0,0.0,Decreases cancellation prediction
arrival_date_2016-05-16,0.0,0.0,0.0,Decreases cancellation prediction
arrival_date_2016-05-17,0.0,0.0,0.0,Decreases cancellation prediction
arrival_date_2016-05-18,0.0,0.0,0.0,Decreases cancellation prediction
arrival_date_2016-05-22,0.0,0.0,0.0,Decreases cancellation prediction
arrival_date_2016-05-23,0.0,0.0,0.0,Decreases cancellation prediction
arrival_date_2016-05-24,0.0,0.0,0.0,Decreases cancellation prediction
arrival_date_2016-05-25,0.0,0.0,0.0,Decreases cancellation prediction
arrival_date_2016-05-26,0.0,0.0,0.0,Decreases cancellation prediction
arrival_date_2016-05-28,0.0,0.0,0.0,Decreases cancellation prediction
arrival_date_2016-05-11,0.0,0.0,0.0,Decreases cancellation prediction
arrival_date_2016-05-29,0.0,0.0,0.0,Decreases cancellation prediction
arrival_date_2016-05-30,0.0,0.0,0.0,Decreases cancellation prediction
arrival_date_2016-05-31,0.0,0.0,0.0,Decreases cancellation prediction
arrival_date_2016-06-01,0.0,0.0,0.0,Decreases cancellation prediction
arrival_date_2016-06-02,0.0,0.0,0.0,Decreases cancellation prediction
arrival_date_2016-06-03,0.0,0.0,0.0,Decreases cancellation prediction
arrival_date_2016-06-04,0.0,0.0,0.0,Decreases cancellation prediction
arrival_date_2016-06-05,0.0,0.0,0.0,Decreases cancellation prediction
arrival_date_2016-06-06,0.0,0.0,0.0,Decreases cancellation prediction
arrival_date_2016-06-07,0.0,0.0,0.0,Decreases cancellation prediction
arrival_date_2016-06-08,0.0,0.0,0.0,Decreases cancellation prediction
arrival_date_2016-05-12,0.0,0.0,0.0,Decreases cancellation prediction
arrival_date_2016-05-10,0.0,0.0,0.0,Decreases cancellation prediction
arrival_date_2016-04-09,0.0,0.0,0.0,Decreases cancellation prediction
arrival_date_2016-04-23,0.0,0.0,0.0,Decreases cancellation prediction
arrival_date_2016-04-11,0.0,0.0,0.0,Decreases cancellation prediction
arrival_date_2016-04-12,0.0,0.0,0.0,Decreases cancellation prediction
arrival_date_2016-04-13,0.0,0.0,0.0,Decreases cancellation prediction
arrival_date_2016-04-14,0.0,0.0,0.0,Decreases cancellation prediction
arrival_date_2016-04-15,0.0,0.0,0.0,Decreases cancellation prediction
arrival_date_2016-04-16,0.0,0.0,0.0,Decreases cancellation prediction
arrival_date_2016-04-17,0.0,0.0,0.0,Decreases cancellation prediction
arrival_date_2016-04-19,0.0,0.0,0.0,Decreases cancellation prediction
arrival_date_2016-04-20,0.0,0.0,0.0,Decreases cancellation prediction
arrival_date_2016-04-21,0.0,0.0,0.0,Decreases cancellation prediction
arrival_date_2016-04-22,0.0,0.0,0.0,Decreases cancellation prediction
arrival_date_2016-04-24,0.0,0.0,0.0,Decreases cancellation prediction
arrival_date_2016-05-09,0.0,0.0,0.0,Decreases cancellation prediction
arrival_date_2016-04-25,0.0,0.0,0.0,Decreases cancellation prediction
arrival_date_2016-04-26,0.0,0.0,0.0,Decreases cancellation prediction
arrival_date_2016-04-27,0.0,0.0,0.0,Decreases cancellation prediction
arrival_date_2016-05-01,0.0,0.0,0.0,Decreases cancellation prediction
arrival_date_2016-05-02,0.0,0.0,0.0,Decreases cancellation prediction
arrival_date_2016-05-03,0.0,0.0,0.0,Decreases cancellation prediction
arrival_date_2016-05-04,0.0,0.0,0.0,Decreases cancellation prediction
arrival_date_2016-05-05,0.0,0.0,0.0,Decreases cancellation prediction
arrival_date_2016-05-06,0.0,0.0,0.0,Decreases cancellation prediction
arrival_date_2016-05-07,0.0,0.0,0.0,Decreases cancellation prediction
arrival_date_2016-05-08,0.0,0.0,0.0,Decreases cancellation prediction
arrival_date_2016-02-02,0.0,0.0,0.0,Decreases cancellation prediction
arrival_date_2016-02-01,0.0,0.0,0.0,Decreases cancellation prediction
arrival_date_2016-01-31,0.0,0.0,0.0,Decreases cancellation prediction
arrival_date_2015-11-18,0.0,0.0,0.0,Decreases cancellation prediction
arrival_date_2015-11-07,0.0,0.0,0.0,Decreases cancellation prediction
arrival_date_2015-11-08,0.0,0.0,0.0,Decreases cancellation prediction
arrival_date_2015-11-09,0.0,0.0,0.0,Decreases cancellation prediction
arrival_date_2015-11-10,0.0,0.0,0.0,Decreases cancellation prediction
arrival_date_2015-11-11,0.0,0.0,0.0,Decreases cancellation prediction
arrival_date_2015-11-12,0.0,0.0,0.0,Decreases cancellation prediction
arrival_date_2015-11-13,0.0,0.0,0.0,Decreases cancellation prediction
arrival_date_2015-11-14,0.0,0.0,0.0,Decreases cancellation prediction
arrival_date_2015-11-15,0.0,0.0,0.0,Decreases cancellation prediction
arrival_date_2015-11-16,0.0,0.0,0.0,Decreases cancellation prediction
arrival_date_2015-11-17,0.0,0.0,0.0,Decreases cancellation prediction
arrival_date_2015-11-19,0.0,0.0,0.0,Decreases cancellation prediction
arrival_date_2015-11-05,0.0,0.0,0.0,Decreases cancellation prediction
arrival_date_2015-11-20,0.0,0.0,0.0,Decreases cancellation prediction
arrival_date_2015-11-21,0.0,0.0,0.0,Decreases cancellation prediction
arrival_date_2015-11-22,0.0,0.0,0.0,Decreases cancellation prediction
arrival_date_2015-11-24,0.0,0.0,0.0,Decreases cancellation prediction
arrival_date_2015-11-25,0.0,0.0,0.0,Decreases cancellation prediction
arrival_date_2015-11-26,0.0,0.0,0.0,Decreases cancellation prediction
arrival_date_2015-11-27,0.0,0.0,0.0,Decreases cancellation prediction
arrival_date_2015-11-29,0.0,0.0,0.0,Decreases cancellation prediction
arrival_date_2015-11-30,0.0,0.0,0.0,Decreases cancellation prediction
arrival_date_2015-12-01,0.0,0.0,0.0,Decreases cancellation prediction
arrival_date_2015-12-02,0.0,0.0,0.0,Decreases cancellation prediction
arrival_date_2015-11-06,0.0,0.0,0.0,Decreases cancellation prediction
arrival_date_2015-11-04,0.0,0.0,0.0,Decreases cancellation prediction
arrival_date_2015-12-04,0.0,0.0,0.0,Decreases cancellation prediction
arrival_date_2015-10-20,0.0,0.0,0.0,Decreases cancellation prediction
arrival_date_2015-10-09,0.0,0.0,0.0,Decreases cancellation prediction
arrival_date_2015-10-10,0.0,0.0,0.0,Decreases cancellation prediction
arrival_date_2015-10-11,0.0,0.0,0.0,Decreases cancellation prediction
arrival_date_2015-10-12,0.0,0.0,0.0,Decreases cancellation prediction
arrival_date_2015-10-13,0.0,0.0,0.0,Decreases cancellation prediction
arrival_date_2015-10-14,0.0,0.0,0.0,Decreases cancellation prediction
arrival_date_2015-10-15,0.0,0.0,0.0,Decreases cancellation prediction
arrival_date_2015-10-16,0.0,0.0,0.0,Decreases cancellation prediction
arrival_date_2015-10-17,0.0,0.0,0.0,Decreases cancellation prediction
arrival_date_2015-10-18,0.0,0.0,0.0,Decreases cancellation prediction
arrival_date_2015-10-19,0.0,0.0,0.0,Decreases cancellation prediction
arrival_date_2015-10-21,0.0,0.0,0.0,Decreases cancellation prediction
arrival_date_2015-11-03,0.0,0.0,0.0,Decreases cancellation prediction
arrival_date_2015-10-22,0.0,0.0,0.0,Decreases cancellation prediction
arrival_date_2015-10-23,0.0,0.0,0.0,Decreases cancellation prediction
arrival_date_2015-10-24,0.0,0.0,0.0,Decreases cancellation prediction
arrival_date_2015-10-25,0.0,0.0,0.0,Decreases cancellation prediction
arrival_date_2015-10-26,0.0,0.0,0.0,Decreases cancellation prediction
arrival_date_2015-10-27,0.0,0.0,0.0,Decreases cancellation prediction
arrival_date_2015-10-28,0.0,0.0,0.0,Decreases cancellation prediction
arrival_date_2015-10-29,0.0,0.0,0.0,Decreases cancellation prediction
arrival_date_2015-10-31,0.0,0.0,0.0,Decreases cancellation prediction
arrival_date_2015-11-01,0.0,0.0,0.0,Decreases cancellation prediction
arrival_date_2015-11-02,0.0,0.0,0.0,Decreases cancellation prediction
arrival_date_2015-12-03,0.0,0.0,0.0,Decreases cancellation prediction
arrival_date_2015-12-05,0.0,0.0,0.0,Decreases cancellation prediction
arrival_date_2016-01-30,0.0,0.0,0.0,Decreases cancellation prediction
arrival_date_2016-01-16,0.0,0.0,0.0,Decreases cancellation prediction
arrival_date_2016-01-05,0.0,0.0,0.0,Decreases cancellation prediction
arrival_date_2016-01-06,0.0,0.0,0.0,Decreases cancellation prediction
arrival_date_2016-01-07,0.0,0.0,0.0,Decreases cancellation prediction
arrival_date_2016-01-08,0.0,0.0,0.0,Decreases cancellation prediction
arrival_date_2016-01-09,0.0,0.0,0.0,Decreases cancellation prediction
arrival_date_2016-01-10,0.0,0.0,0.0,Decreases cancellation prediction
arrival_date_2016-01-11,0.0,0.0,0.0,Decreases cancellation prediction
arrival_date_2016-01-12,0.0,0.0,0.0,Decreases cancellation prediction
arrival_date_2016-01-13,0.0,0.0,0.0,Decreases cancellation prediction
arrival_date_2016-01-14,0.0,0.0,0.0,Decreases cancellation prediction
arrival_date_2016-01-15,0.0,0.0,0.0,Decreases cancellation prediction
arrival_date_2016-01-17,0.0,0.0,0.0,Decreases cancellation prediction
arrival_date_2016-01-03,0.0,0.0,0.0,Decreases cancellation prediction
arrival_date_2016-01-18,0.0,0.0,0.0,Decreases cancellation prediction
arrival_date_2016-01-19,0.0,0.0,0.0,Decreases cancellation prediction
arrival_date_2016-01-20,0.0,0.0,0.0,Decreases cancellation prediction
arrival_date_2016-01-21,0.0,0.0,0.0,Decreases cancellation prediction
arrival_date_2016-01-23,0.0,0.0,0.0,Decreases cancellation prediction
arrival_date_2016-01-24,0.0,0.0,0.0,Decreases cancellation prediction
arrival_date_2016-01-25,0.0,0.0,0.0,Decreases cancellation prediction
arrival_date_2016-01-26,0.0,0.0,0.0,Decreases cancellation prediction
arrival_date_2016-01-27,0.0,0.0,0.0,Decreases cancellation prediction
arrival_date_2016-01-28,0.0,0.0,0.0,Decreases cancellation prediction
arrival_date_2016-01-29,0.0,0.0,0.0,Decreases cancellation prediction
arrival_date_2016-01-04,0.0,0.0,0.0,Decreases cancellation prediction
arrival_date_2016-01-01,0.0,0.0,0.0,Decreases cancellation prediction
arrival_date_2015-12-06,0.0,0.0,0.0,Decreases cancellation prediction
arrival_date_2015-12-18,0.0,0.0,0.0,Decreases cancellation prediction
arrival_date_2015-12-07,0.0,0.0,0.0,Decreases cancellation prediction
arrival_date_2015-12-08,0.0,0.0,0.0,Decreases cancellation prediction
arrival_date_2015-12-09,0.0,0.0,0.0,Decreases cancellation prediction
arrival_date_2015-12-10,0.0,0.0,0.0,Decreases cancellation prediction
arrival_date_2015-12-11,0.0,0.0,0.0,Decreases cancellation prediction
arrival_date_2015-12-12,0.0,0.0,0.0,Decreases cancellation prediction
arrival_date_2015-12-13,0.0,0.0,0.0,Decreases cancellation prediction
arrival_date_2015-12-14,0.0,0.0,0.0,Decreases cancellation prediction
arrival_date_2015-12-15,0.0,0.0,0.0,Decreases cancellation prediction
arrival_date_2015-12-16,0.0,0.0,0.0,Decreases cancellation prediction
arrival_date_2015-12-17,0.0,0.0,0.0,Decreases cancellation prediction
arrival_date_2015-12-19,0.0,0.0,0.0,Decreases cancellation prediction
arrival_date_2015-12-31,0.0,0.0,0.0,Decreases cancellation prediction
arrival_date_2015-12-20,0.0,0.0,0.0,Decreases cancellation prediction
arrival_date_2015-12-21,0.0,0.0,0.0,Decreases cancellation prediction
arrival_date_2015-12-22,0.0,0.0,0.0,Decreases cancellation prediction
arrival_date_2015-12-23,0.0,0.0,0.0,Decreases cancellation prediction
arrival_date_2015-12-24,0.0,0.0,0.0,Decreases cancellation prediction
arrival_date_2015-12-25,0.0,0.0,0.0,Decreases cancellation prediction
arrival_date_2015-12-26,0.0,0.0,0.0,Decreases cancellation prediction
arrival_date_2015-12-27,0.0,0.0,0.0,Decreases cancellation prediction
arrival_date_2015-12-28,0.0,0.0,0.0,Decreases cancellation prediction
arrival_date_2015-12-29,0.0,0.0,0.0,Decreases cancellation prediction
arrival_date_2015-12-30,0.0,0.0,0.0,Decreases cancellation prediction
arrival_date_2016-03-25,0.0,0.0,0.0,Decreases cancellation prediction
