Feature,Mean Absolute SHAP Value
country_PRT,0.6542099
market_segment_Online TA,0.4944018
required_car_parking_spaces,0.47615665
lead_time,0.39981666
total_of_special_requests,0.3510365
room_changed,0.3217241
adr,0.1727284
arrival_date_year,0.16439341
booking_changes,0.14569162
customer_type_Transient,0.12957978
market_segment_Offline TA/TO,0.08952911
parking_required,0.08331798
previous_cancellation_ratio,0.07929596
previous_bookings_not_canceled,0.07144655
has_special_requests,0.068405665
hotel_City Hotel,0.06381665
market_segment_Direct,0.04967265
arrival_date_week_number,0.047614932
arrival_month_cos,0.045497634
lead_time_category_Last Minute,0.04523859
estimated_booking_value,0.044693004
country_ESP,0.042155106
customer_type_Transient-Party,0.04172026
country_GBR,0.03954376
country_DEU,0.035345078
deposit_type_No Deposit,0.03493383
deposit_type_Non Refund,0.031741086
country_FRA,0.0315006
meal_SC,0.03014814
adr_per_guest,0.029967902
distribution_channel_Direct,0.025933476
total_nights,0.025870305
arrival_season_Summer,0.021534357
country_ITA,0.018266179
booked_through_agent,0.017586267
country_CHN,0.016728962
country_BEL,0.014622424
country_BRA,0.014178391
has_previous_booking,0.012931091
country_NLD,0.011696936
long_lead_no_deposit,0.0112897325
arrival_date_day_of_month,0.011124051
country_AGO,0.010488931
stays_in_week_nights,0.0102520725
distribution_channel_TA/TO,0.010146472
booking_was_changed,0.009844088
country_IRL,0.008900285
hotel_Resort Hotel,0.008497308
country_AUT,0.008342572
lead_time_category_Very Long,0.008310762
assigned_room_type_B,0.008059138
adult_only_booking,0.0076697622
adults,0.0069354507
arrival_month_sin,0.006556018
market_segment_Groups,0.006548645
previous_cancellations,0.006418696
arrival_season_Winter,0.0062454427
country_MAR,0.0062421993
meal_BB,0.006187898
meal_HB,0.0060814363
children,0.00569341
lead_time_category_Medium,0.0055925427
is_repeated_guest,0.0055486434
arrival_month_number,0.0054557095
stays_in_weekend_nights,0.0054269
country_RUS,0.004994404
reserved_room_type_F,0.0048029353
country_SWE,0.00479954
total_guests,0.00472404
country_TUR,0.004609857
country_ISR,0.0041675786
is_family,0.0039652227
country_FIN,0.0037638303
reserved_room_type_E,0.0036909378
reserved_room_type_B,0.0036058314
country_CHE,0.0035657955
days_in_waiting_list,0.0035439641
market_segment_Corporate,0.0033167899
assigned_room_type_A,0.003254019
distribution_channel_Corporate,0.003183955
assigned_room_type_C,0.002959762
has_weekend_stay,0.0028849246
assigned_room_type_D,0.0027982285
lead_time_category_Short,0.0023683421
country_JPN,0.0022536865
arrival_season_Spring,0.0022014976
assigned_room_type_F,0.0020320667
distribution_channel_GDS,0.002022438
country_NOR,0.0018573462
arrival_season_Autumn,0.0017846759
assigned_room_type_E,0.0017250878
is_long_stay,0.0017016262
arrival_date_2015-11-23,0.0016211143
reserved_room_type_A,0.0015286835
market_segment_Aviation,0.0014469337
customer_type_Contract,0.001401226
reserved_room_type_D,0.0012275835
arrival_date_2016-10-27,0.0011944317
country_ARE,0.0011841061
arrival_date_2016-11-20,0.0011713353
arrival_date_2016-12-02,0.0010703668
meal_Undefined,0.0010108158
lead_time_category_Long,0.0010066102
assigned_room_type_G,0.0009993142
country_MEX,0.00092528877
meal_FB,0.00091256585
country_LUX,0.0008737264
country_DNK,0.0008685044
arrival_date_2016-11-07,0.0008413116
arrival_date_2016-10-25,0.0008363542
babies,0.0007680798
arrival_date_2016-10-17,0.000681771
reserved_room_type_G,0.00067056215
arrival_date_2016-04-30,0.00063109404
arrival_date_2015-08-17,0.0005594001
arrival_date_2017-07-15,0.00048123245
arrival_date_2016-08-17,0.0004608893
country_HKG,0.00042298296
country_ZAF,0.00042191442
country_USA,0.0004206406
country_SAU,0.00041790138
arrival_date_2016-04-10,0.00041555482
market_segment_Complementary,0.00038437205
country_NGA,0.00038000543
country_NZL,0.00037517826
arrival_date_2017-01-06,0.00036678492
arrival_date_2015-08-18,0.0003609515
arrival_date_2016-07-16,0.00035955338
reserved_room_type_C,0.00035715217
arrival_date_2016-09-04,0.00035320246
arrival_date_2017-03-19,0.000316265
arrival_date_2017-07-06,0.0003003315
arrival_date_2016-05-20,0.00027707918
arrival_date_2017-03-21,0.0002639208
country_MOZ,0.00026299275
arrival_date_2015-10-07,0.000262513
arrival_date_2017-07-12,0.00025992416
arrival_date_2016-12-07,0.00025855174
arrival_date_2016-04-29,0.00025840927
arrival_date_2017-04-21,0.00024916386
arrival_date_2016-01-02,0.00023163506
arrival_date_2017-05-25,0.00022463218
arrival_date_2017-03-20,0.00022282025
arrival_date_2015-09-05,0.00020920178
arrival_date_2017-08-16,0.0002069501
arrival_date_2016-04-28,0.00020578738
country_PHL,0.0002046768
assigned_room_type_I,0.00019728862
arrival_date_2017-04-06,0.00019445996
arrival_date_2016-09-26,0.0001906232
arrival_date_2016-09-25,0.00018229513
arrival_date_2016-01-22,0.00018210227
arrival_date_2017-04-14,0.00017000918
arrival_date_2016-02-28,0.00016025109
arrival_date_2017-05-03,0.0001594941
country_THA,0.0001535522
arrival_date_2017-03-26,0.0001512717
arrival_date_2017-06-04,0.00014747499
country_GIB,0.00014684882
arrival_date_2016-03-31,0.00014193243
arrival_date_2016-04-06,0.00013667143
country_KOR,0.00013398731
arrival_date_2016-07-28,0.00012879782
arrival_date_2016-11-17,0.00012747494
arrival_date_2017-06-29,0.00012238244
arrival_date_2017-05-20,0.0001213217
arrival_date_2016-08-21,0.00011437975
arrival_date_2016-03-24,0.00010901627
arrival_date_2016-10-26,0.00010897579
country_IDN,0.000104600105
arrival_date_2016-12-16,9.392839e-05
arrival_date_2016-10-09,9.311038e-05
arrival_date_2016-05-21,9.305331e-05
arrival_date_2016-07-07,9.179793e-05
arrival_date_2017-02-14,8.966769e-05
arrival_date_2016-02-08,8.824952e-05
arrival_date_2017-06-27,8.659421e-05
arrival_date_2016-12-06,8.289597e-05
arrival_date_2017-06-26,7.753811e-05
arrival_date_2016-08-05,7.582976e-05
arrival_date_2015-11-28,7.053081e-05
arrival_date_2017-05-05,6.931133e-05
arrival_date_2017-01-28,6.7226996e-05
arrival_date_2016-03-18,6.4874126e-05
arrival_date_2015-10-30,6.201682e-05
arrival_date_2016-11-29,6.112691e-05
arrival_date_2017-03-29,6.0992945e-05
arrival_date_2017-03-01,5.355486e-05
arrival_date_2016-06-12,5.271567e-05
arrival_date_2016-11-11,5.185435e-05
arrival_date_2016-11-02,5.1686075e-05
arrival_date_2017-01-07,4.8719787e-05
arrival_date_2016-10-11,4.6043468e-05
arrival_date_2017-07-03,4.5054043e-05
country_QAT,4.457422e-05
arrival_date_2016-10-22,4.3578744e-05
arrival_date_2017-02-15,4.2944514e-05
arrival_date_2016-12-21,4.202186e-05
arrival_date_2016-03-19,4.11287e-05
arrival_date_2015-09-01,3.9464063e-05
arrival_date_2016-11-05,3.9068877e-05
arrival_date_2016-11-27,3.8051665e-05
assigned_room_type_K,3.5916342e-05
arrival_date_2016-05-19,3.5137306e-05
arrival_date_2017-02-16,3.406167e-05
arrival_date_2015-07-06,3.37632e-05
arrival_date_2017-08-08,3.1288688e-05
arrival_date_2016-03-30,3.0678788e-05
arrival_date_2016-10-28,2.9583154e-05
arrival_date_2017-02-08,2.8890126e-05
country_IRN,2.8828057e-05
arrival_date_2015-08-27,2.8508864e-05
arrival_date_2015-09-22,2.7688124e-05
arrival_date_2016-12-29,2.7442518e-05
arrival_date_2016-12-30,2.6603564e-05
arrival_date_2017-07-31,2.5055795e-05
arrival_date_2015-08-13,2.2703263e-05
arrival_date_2015-08-02,2.0749432e-05
country_CPV,1.9886442e-05
arrival_date_2015-08-01,1.8529709e-05
arrival_date_2017-05-26,1.7764845e-05
arrival_date_2016-10-21,1.718076e-05
arrival_date_2017-01-17,1.358173e-05
arrival_date_2016-04-04,1.3457709e-05
reserved_room_type_H,1.0033787e-05
arrival_date_2016-10-18,0.0
arrival_date_2016-10-19,0.0
arrival_date_2016-11-06,0.0
arrival_date_2016-11-10,0.0
arrival_date_2016-11-09,0.0
arrival_date_2016-07-03,0.0
arrival_date_2016-06-26,0.0
arrival_date_2016-11-08,0.0
arrival_date_2016-06-27,0.0
arrival_date_2016-06-28,0.0
arrival_date_2016-07-02,0.0
arrival_date_2016-10-20,0.0
arrival_date_2016-11-04,0.0
arrival_date_2016-07-01,0.0
arrival_date_2016-11-03,0.0
arrival_date_2016-11-01,0.0
arrival_date_2016-10-23,0.0
arrival_date_2016-06-29,0.0
arrival_date_2016-10-31,0.0
arrival_date_2016-10-30,0.0
arrival_date_2016-11-13,0.0
arrival_date_2016-10-29,0.0
arrival_date_2016-10-24,0.0
arrival_date_2016-06-30,0.0
arrival_date_2016-11-12,0.0
arrival_date_2016-08-27,0.0
arrival_date_2016-11-14,0.0
arrival_date_2016-06-19,0.0
arrival_date_2016-06-18,0.0
arrival_date_2016-06-17,0.0
arrival_date_2016-12-08,0.0
arrival_date_2016-06-16,0.0
arrival_date_2016-12-09,0.0
arrival_date_2016-12-10,0.0
arrival_date_2016-12-11,0.0
arrival_date_2016-12-12,0.0
arrival_date_2016-12-13,0.0
arrival_date_2016-06-15,0.0
arrival_date_2016-12-14,0.0
arrival_date_2016-12-15,0.0
arrival_date_2016-06-14,0.0
arrival_date_2016-12-17,0.0
arrival_date_2016-12-18,0.0
arrival_date_2016-06-13,0.0
arrival_date_2016-12-19,0.0
arrival_date_2016-12-20,0.0
arrival_date_2016-12-22,0.0
arrival_date_2016-12-05,0.0
arrival_date_2016-12-04,0.0
arrival_date_2016-11-15,0.0
arrival_date_2016-12-03,0.0
arrival_date_2016-11-16,0.0
arrival_date_2016-06-25,0.0
arrival_date_2016-11-18,0.0
arrival_date_2016-10-15,0.0
arrival_date_2016-11-19,0.0
arrival_date_2016-06-24,0.0
arrival_date_2016-11-21,0.0
arrival_date_2016-11-22,0.0
arrival_date_2016-11-23,0.0
arrival_date_2016-11-24,0.0
arrival_date_2016-11-25,0.0
arrival_date_2016-11-26,0.0
arrival_date_2016-06-23,0.0
arrival_date_2016-11-28,0.0
arrival_date_2016-06-22,0.0
arrival_date_2016-11-30,0.0
arrival_date_2016-12-01,0.0
arrival_date_2016-06-21,0.0
arrival_date_2016-06-20,0.0
arrival_date_2016-10-16,0.0
arrival_date_2016-10-13,0.0
arrival_date_2016-07-04,0.0
arrival_date_2016-08-09,0.0
arrival_date_2016-08-14,0.0
arrival_date_2016-08-13,0.0
arrival_date_2016-09-12,0.0
arrival_date_2016-08-12,0.0
arrival_date_2016-08-11,0.0
arrival_date_2016-12-24,0.0
arrival_date_2016-09-13,0.0
arrival_date_2016-09-14,0.0
arrival_date_2016-08-10,0.0
arrival_date_2016-08-08,0.0
arrival_date_2016-07-05,0.0
arrival_date_2016-08-07,0.0
arrival_date_2016-08-06,0.0
arrival_date_2016-08-04,0.0
arrival_date_2016-09-15,0.0
arrival_date_2016-09-16,0.0
arrival_date_2016-08-03,0.0
arrival_date_2016-08-02,0.0
arrival_date_2016-08-01,0.0
arrival_date_2016-07-31,0.0
arrival_date_2016-08-15,0.0
arrival_date_2016-08-16,0.0
arrival_date_2016-08-18,0.0
arrival_date_2016-08-19,0.0
arrival_date_2016-08-28,0.0
arrival_date_2016-08-29,0.0
arrival_date_2016-08-30,0.0
arrival_date_2016-08-25,0.0
arrival_date_2016-08-31,0.0
arrival_date_2016-09-01,0.0
arrival_date_2016-09-02,0.0
arrival_date_2016-08-24,0.0
arrival_date_2016-09-03,0.0
arrival_date_2016-08-23,0.0
arrival_date_2016-09-05,0.0
arrival_date_2016-09-06,0.0
arrival_date_2016-09-07,0.0
arrival_date_2016-08-22,0.0
arrival_date_2016-09-08,0.0
arrival_date_2016-09-09,0.0
arrival_date_2016-08-20,0.0
arrival_date_2016-09-10,0.0
arrival_date_2016-09-11,0.0
arrival_date_2016-07-30,0.0
arrival_date_2016-07-29,0.0
arrival_date_2016-09-17,0.0
arrival_date_2016-09-27,0.0
arrival_date_2016-09-29,0.0
arrival_date_2016-09-30,0.0
arrival_date_2016-10-01,0.0
arrival_date_2016-10-02,0.0
arrival_date_2016-07-11,0.0
arrival_date_2016-10-03,0.0
arrival_date_2016-10-04,0.0
arrival_date_2016-10-05,0.0
arrival_date_2016-10-06,0.0
arrival_date_2016-10-07,0.0
arrival_date_2016-10-08,0.0
arrival_date_2016-07-10,0.0
arrival_date_2016-07-09,0.0
arrival_date_2016-10-10,0.0
arrival_date_2016-10-12,0.0
arrival_date_2016-07-08,0.0
arrival_date_2016-08-26,0.0
arrival_date_2016-10-14,0.0
arrival_date_2016-07-06,0.0
arrival_date_2016-09-28,0.0
arrival_date_2016-07-12,0.0
arrival_date_2016-07-27,0.0
arrival_date_2016-07-13,0.0
arrival_date_2016-09-18,0.0
arrival_date_2016-09-19,0.0
arrival_date_2016-07-26,0.0
arrival_date_2016-07-25,0.0
arrival_date_2016-09-20,0.0
arrival_date_2016-07-24,0.0
arrival_date_2016-07-23,0.0
arrival_date_2016-07-22,0.0
arrival_date_2016-07-21,0.0
arrival_date_2016-07-20,0.0
arrival_date_2016-07-19,0.0
arrival_date_2016-07-18,0.0
arrival_date_2016-07-17,0.0
arrival_date_2016-09-21,0.0
arrival_date_2016-09-22,0.0
arrival_date_2016-09-23,0.0
arrival_date_2016-09-24,0.0
arrival_date_2016-07-15,0.0
arrival_date_2016-07-14,0.0
arrival_date_2016-12-23,0.0
country_BDI,0.0
arrival_date_2016-12-25,0.0
arrival_date_2017-06-16,0.0
arrival_date_2017-06-05,0.0
arrival_date_2017-06-06,0.0
arrival_date_2017-06-07,0.0
arrival_date_2017-06-08,0.0
arrival_date_2017-06-09,0.0
arrival_date_2017-06-10,0.0
arrival_date_2017-06-11,0.0
arrival_date_2017-06-12,0.0
arrival_date_2017-06-13,0.0
arrival_date_2017-06-14,0.0
arrival_date_2017-06-15,0.0
arrival_date_2017-06-17,0.0
arrival_date_2016-12-26,0.0
arrival_date_2017-06-18,0.0
arrival_date_2017-06-19,0.0
arrival_date_2017-06-20,0.0
arrival_date_2017-06-21,0.0
arrival_date_2017-06-22,0.0
arrival_date_2017-06-23,0.0
arrival_date_2017-06-24,0.0
arrival_date_2017-06-25,0.0
arrival_date_2017-06-28,0.0
arrival_date_2017-06-30,0.0
arrival_date_2017-07-01,0.0
arrival_date_2017-06-03,0.0
arrival_date_2017-06-02,0.0
arrival_date_2017-06-01,0.0
arrival_date_2017-05-31,0.0
arrival_date_2017-05-04,0.0
arrival_date_2017-05-06,0.0
arrival_date_2017-05-07,0.0
arrival_date_2017-05-08,0.0
arrival_date_2017-05-09,0.0
arrival_date_2017-05-10,0.0
arrival_date_2017-05-11,0.0
arrival_date_2017-05-12,0.0
arrival_date_2017-05-13,0.0
arrival_date_2017-05-14,0.0
arrival_date_2017-05-15,0.0
arrival_date_2017-05-16,0.0
arrival_date_2017-05-17,0.0
arrival_date_2017-05-18,0.0
arrival_date_2017-05-19,0.0
arrival_date_2017-05-21,0.0
arrival_date_2017-05-22,0.0
arrival_date_2017-05-23,0.0
arrival_date_2017-05-24,0.0
arrival_date_2017-05-27,0.0
arrival_date_2017-05-28,0.0
arrival_date_2017-05-29,0.0
arrival_date_2017-05-30,0.0
arrival_date_2017-07-02,0.0
arrival_date_2017-07-04,0.0
arrival_date_2017-07-05,0.0
arrival_date_2017-08-05,0.0
arrival_date_2017-08-07,0.0
arrival_date_2017-08-09,0.0
arrival_date_2017-08-10,0.0
arrival_date_2017-08-11,0.0
arrival_date_2017-08-12,0.0
arrival_date_2017-08-13,0.0
arrival_date_2017-08-14,0.0
arrival_date_2017-08-15,0.0
arrival_date_2017-08-17,0.0
arrival_date_2017-08-18,0.0
arrival_date_2017-08-19,0.0
arrival_date_2017-08-20,0.0
arrival_date_2017-08-21,0.0
arrival_date_2017-08-22,0.0
arrival_date_2017-08-23,0.0
arrival_date_2017-08-24,0.0
arrival_date_2017-08-25,0.0
arrival_date_2017-08-26,0.0
arrival_date_2017-08-27,0.0
arrival_date_2017-08-28,0.0
arrival_date_2017-08-29,0.0
arrival_date_2017-08-30,0.0
arrival_date_2017-08-31,0.0
arrival_date_2017-08-06,0.0
arrival_date_2017-08-04,0.0
arrival_date_2017-07-07,0.0
arrival_date_2017-08-03,0.0
arrival_date_2017-07-08,0.0
arrival_date_2017-07-09,0.0
arrival_date_2017-07-10,0.0
arrival_date_2017-07-11,0.0
arrival_date_2017-07-13,0.0
arrival_date_2017-07-14,0.0
arrival_date_2017-07-16,0.0
arrival_date_2017-07-17,0.0
arrival_date_2017-07-18,0.0
arrival_date_2017-07-19,0.0
arrival_date_2017-07-20,0.0
arrival_date_2017-07-21,0.0
arrival_date_2017-07-22,0.0
arrival_date_2017-07-23,0.0
arrival_date_2017-07-24,0.0
arrival_date_2017-07-25,0.0
arrival_date_2017-07-26,0.0
arrival_date_2017-07-27,0.0
arrival_date_2017-07-28,0.0
arrival_date_2017-07-29,0.0
arrival_date_2017-07-30,0.0
arrival_date_2017-08-01,0.0
arrival_date_2017-08-02,0.0
arrival_date_2017-05-02,0.0
arrival_date_2017-05-01,0.0
arrival_date_2017-04-30,0.0
arrival_date_2017-01-26,0.0
arrival_date_2017-01-29,0.0
arrival_date_2017-01-30,0.0
arrival_date_2017-01-31,0.0
arrival_date_2017-02-01,0.0
arrival_date_2017-02-02,0.0
arrival_date_2017-02-03,0.0
arrival_date_2017-02-04,0.0
arrival_date_2017-02-05,0.0
arrival_date_2017-02-06,0.0
arrival_date_2017-02-07,0.0
arrival_date_2017-02-09,0.0
arrival_date_2017-02-10,0.0
arrival_date_2017-02-11,0.0
arrival_date_2017-02-12,0.0
arrival_date_2017-02-13,0.0
arrival_date_2016-06-11,0.0
arrival_date_2017-02-18,0.0
arrival_date_2017-02-19,0.0
arrival_date_2017-02-20,0.0
arrival_date_2017-02-21,0.0
arrival_date_2017-02-22,0.0
arrival_date_2017-02-23,0.0
arrival_date_2017-02-24,0.0
arrival_date_2017-01-27,0.0
arrival_date_2017-01-25,0.0
arrival_date_2017-02-26,0.0
arrival_date_2017-01-24,0.0
arrival_date_2016-12-27,0.0
arrival_date_2016-12-28,0.0
arrival_date_2016-12-31,0.0
arrival_date_2017-01-01,0.0
arrival_date_2017-01-02,0.0
arrival_date_2017-01-03,0.0
arrival_date_2017-01-04,0.0
arrival_date_2017-01-05,0.0
arrival_date_2017-01-08,0.0
arrival_date_2017-01-09,0.0
arrival_date_2017-01-10,0.0
arrival_date_2017-01-11,0.0
arrival_date_2017-01-12,0.0
arrival_date_2017-01-13,0.0
arrival_date_2017-01-14,0.0
arrival_date_2017-01-15,0.0
arrival_date_2017-01-16,0.0
arrival_date_2017-01-18,0.0
arrival_date_2017-01-19,0.0
arrival_date_2017-01-20,0.0
arrival_date_2017-01-21,0.0
arrival_date_2017-01-22,0.0
arrival_date_2017-01-23,0.0
arrival_date_2017-02-25,0.0
arrival_date_2017-02-27,0.0
arrival_date_2017-04-29,0.0
arrival_date_2017-04-01,0.0
arrival_date_2017-04-03,0.0
arrival_date_2017-04-04,0.0
arrival_date_2017-04-05,0.0
arrival_date_2017-04-07,0.0
arrival_date_2017-04-08,0.0
arrival_date_2017-04-09,0.0
arrival_date_2017-04-10,0.0
arrival_date_2017-04-11,0.0
arrival_date_2017-04-12,0.0
arrival_date_2017-04-13,0.0
arrival_date_2017-04-15,0.0
arrival_date_2017-04-16,0.0
arrival_date_2017-04-17,0.0
arrival_date_2017-04-18,0.0
arrival_date_2017-04-19,0.0
arrival_date_2017-04-20,0.0
arrival_date_2017-04-22,0.0
arrival_date_2017-04-23,0.0
arrival_date_2017-04-24,0.0
arrival_date_2017-04-25,0.0
arrival_date_2017-04-26,0.0
arrival_date_2017-04-27,0.0
arrival_date_2017-04-28,0.0
arrival_date_2017-04-02,0.0
arrival_date_2017-03-31,0.0
arrival_date_2017-02-28,0.0
arrival_date_2017-03-30,0.0
arrival_date_2017-03-02,0.0
arrival_date_2017-03-03,0.0
arrival_date_2017-03-04,0.0
arrival_date_2017-03-05,0.0
arrival_date_2017-03-06,0.0
arrival_date_2017-03-07,0.0
arrival_date_2017-03-08,0.0
arrival_date_2017-03-09,0.0
arrival_date_2017-03-10,0.0
arrival_date_2017-03-11,0.0
arrival_date_2017-03-12,0.0
arrival_date_2017-03-13,0.0
arrival_date_2017-03-14,0.0
arrival_date_2017-03-15,0.0
arrival_date_2017-03-16,0.0
arrival_date_2017-03-17,0.0
arrival_date_2017-03-18,0.0
arrival_date_2017-03-22,0.0
arrival_date_2017-03-23,0.0
arrival_date_2017-03-24,0.0
arrival_date_2017-03-25,0.0
arrival_date_2017-03-27,0.0
arrival_date_2017-03-28,0.0
arrival_date_2017-02-17,0.0
arrival_date_2016-04-23,0.0
arrival_date_2016-06-10,0.0
country_TJK,0.0
arrival_date_2015-07-07,0.0
arrival_date_2015-07-08,0.0
arrival_date_2015-07-09,0.0
arrival_date_2015-07-10,0.0
arrival_date_2015-07-11,0.0
arrival_date_2015-07-12,0.0
arrival_date_2015-07-13,0.0
arrival_date_2015-07-14,0.0
arrival_date_2015-07-15,0.0
arrival_date_2015-07-16,0.0
arrival_date_2015-07-17,0.0
arrival_date_2015-07-18,0.0
arrival_date_2015-07-19,0.0
arrival_date_2015-07-20,0.0
arrival_date_2015-07-21,0.0
arrival_date_2015-07-22,0.0
arrival_date_2015-07-23,0.0
arrival_date_2015-07-24,0.0
arrival_date_2015-07-25,0.0
arrival_date_2015-07-26,0.0
arrival_date_2015-07-27,0.0
arrival_date_2015-07-28,0.0
arrival_date_2015-07-29,0.0
arrival_date_2015-07-30,0.0
arrival_date_2015-07-31,0.0
arrival_date_2015-07-05,0.0
arrival_date_2015-07-04,0.0
arrival_date_2015-07-03,0.0
country_ZMB,0.0
country_TUN,0.0
country_TWN,0.0
country_TZA,0.0
country_UGA,0.0
country_UKR,0.0
country_UMI,0.0
country_URY,0.0
country_UZB,0.0
country_VEN,0.0
country_VGB,0.0
country_VNM,0.0
country_ZWE,0.0
arrival_date_2015-07-02,0.0
market_segment_Undefined,0.0
was_on_waiting_list,0.0
distribution_channel_Undefined,0.0
reserved_room_type_L,0.0
reserved_room_type_P,0.0
assigned_room_type_H,0.0
assigned_room_type_L,0.0
assigned_room_type_P,0.0
deposit_type_Refundable,0.0
customer_type_Group,0.0
arrival_date_2015-07-01,0.0
arrival_date_2015-08-03,0.0
arrival_date_2015-08-04,0.0
arrival_date_2015-08-05,0.0
arrival_date_2015-09-21,0.0
arrival_date_2015-09-10,0.0
arrival_date_2015-09-11,0.0
arrival_date_2015-09-12,0.0
arrival_date_2015-09-13,0.0
arrival_date_2015-09-14,0.0
arrival_date_2015-09-15,0.0
arrival_date_2015-09-16,0.0
arrival_date_2015-09-17,0.0
arrival_date_2015-09-18,0.0
arrival_date_2015-09-19,0.0
arrival_date_2015-09-20,0.0
arrival_date_2015-09-23,0.0
arrival_date_2015-09-08,0.0
arrival_date_2015-09-24,0.0
arrival_date_2015-09-25,0.0
arrival_date_2015-09-26,0.0
arrival_date_2015-09-27,0.0
arrival_date_2015-09-28,0.0
arrival_date_2015-09-29,0.0
arrival_date_2015-09-30,0.0
arrival_date_2015-10-01,0.0
arrival_date_2015-10-02,0.0
arrival_date_2015-10-03,0.0
arrival_date_2015-10-04,0.0
arrival_date_2015-09-09,0.0
arrival_date_2015-09-07,0.0
arrival_date_2015-08-06,0.0
arrival_date_2015-08-21,0.0
arrival_date_2015-08-07,0.0
arrival_date_2015-08-08,0.0
arrival_date_2015-08-09,0.0
arrival_date_2015-08-10,0.0
arrival_date_2015-08-11,0.0
arrival_date_2015-08-12,0.0
arrival_date_2015-08-14,0.0
arrival_date_2015-08-15,0.0
arrival_date_2015-08-16,0.0
arrival_date_2015-08-19,0.0
arrival_date_2015-08-20,0.0
arrival_date_2015-08-22,0.0
arrival_date_2015-09-06,0.0
arrival_date_2015-08-23,0.0
arrival_date_2015-08-24,0.0
arrival_date_2015-08-25,0.0
arrival_date_2015-08-26,0.0
arrival_date_2015-08-28,0.0
arrival_date_2015-08-29,0.0
arrival_date_2015-08-30,0.0
arrival_date_2015-08-31,0.0
arrival_date_2015-09-02,0.0
arrival_date_2015-09-03,0.0
arrival_date_2015-09-04,0.0
country_TMP,0.0
country_TGO,0.0
arrival_date_2016-06-09,0.0
country_SYR,0.0
country_DOM,0.0
country_DZA,0.0
country_ECU,0.0
country_EGY,0.0
country_ARM,0.0
country_EST,0.0
country_ETH,0.0
country_FJI,0.0
country_ARG,0.0
country_FRO,0.0
country_GAB,0.0
country_GEO,0.0
country_GGY,0.0
country_GHA,0.0
country_GNB,0.0
country_GRC,0.0
country_GTM,0.0
country_GUY,0.0
country_HND,0.0
country_HRV,0.0
country_HUN,0.0
country_IMN,0.0
country_IND,0.0
country_AND,0.0
country_IRQ,0.0
country_DMA,0.0
country_DJI,0.0
country_ATA,0.0
country_BWA,0.0
country_BEN,0.0
country_BFA,0.0
country_BGD,0.0
country_BGR,0.0
country_BHR,0.0
country_BHS,0.0
country_BIH,0.0
country_BLR,0.0
country_BOL,0.0
country_AUS,0.0
country_BRB,0.0
country_CAF,0.0
country_CZE,0.0
country_CHL,0.0
country_ATF,0.0
country_CIV,0.0
country_CMR,0.0
country_CN,0.0
country_COL,0.0
country_COM,0.0
country_CRI,0.0
country_CUB,0.0
country_CYM,0.0
country_CYP,0.0
country_ISL,0.0
country_ALB,0.0
country_JAM,0.0
country_ROU,0.0
country_NPL,0.0
country_OMN,0.0
country_PAK,0.0
country_PAN,0.0
country_PER,0.0
country_PLW,0.0
country_POL,0.0
country_PRI,0.0
country_ABW,0.0
country_PRY,0.0
country_PYF,0.0
country_RWA,0.0
country_NIC,0.0
country_SDN,0.0
country_SEN,0.0
country_SGP,0.0
country_SLV,0.0
country_SMR,0.0
country_SRB,0.0
country_STP,0.0
country_SUR,0.0
country_SVK,0.0
country_SVN,0.0
country_SYC,0.0
country_AIA,0.0
country_NCL,0.0
country_JEY,0.0
country_LTU,0.0
country_JOR,0.0
country_KAZ,0.0
country_KEN,0.0
country_KHM,0.0
country_KNA,0.0
country_KWT,0.0
country_LAO,0.0
country_LBN,0.0
country_LBY,0.0
country_LIE,0.0
country_LKA,0.0
country_LVA,0.0
country_NAM,0.0
country_MAC,0.0
country_MCO,0.0
country_MDV,0.0
country_MKD,0.0
country_MLT,0.0
country_MNE,0.0
country_MRT,0.0
country_MUS,0.0
country_MWI,0.0
country_MYS,0.0
country_MYT,0.0
arrival_date_2015-10-05,0.0
arrival_date_2015-10-06,0.0
arrival_date_2015-10-08,0.0
arrival_date_2015-10-09,0.0
arrival_date_2016-03-05,0.0
arrival_date_2016-03-06,0.0
arrival_date_2016-03-07,0.0
arrival_date_2016-03-08,0.0
arrival_date_2016-03-09,0.0
arrival_date_2016-03-10,0.0
arrival_date_2016-03-11,0.0
arrival_date_2016-03-12,0.0
arrival_date_2016-03-13,0.0
arrival_date_2016-03-14,0.0
arrival_date_2016-03-15,0.0
arrival_date_2016-03-16,0.0
arrival_date_2016-03-17,0.0
arrival_date_2016-03-20,0.0
arrival_date_2016-03-21,0.0
arrival_date_2016-03-22,0.0
arrival_date_2016-03-23,0.0
arrival_date_2016-03-26,0.0
arrival_date_2016-03-27,0.0
arrival_date_2016-03-28,0.0
arrival_date_2016-03-29,0.0
arrival_date_2016-04-01,0.0
arrival_date_2016-04-02,0.0
arrival_date_2016-04-03,0.0
arrival_date_2016-04-05,0.0
arrival_date_2016-03-04,0.0
arrival_date_2016-03-03,0.0
arrival_date_2016-03-02,0.0
arrival_date_2016-02-16,0.0
arrival_date_2016-02-04,0.0
arrival_date_2016-02-05,0.0
arrival_date_2016-02-06,0.0
arrival_date_2016-02-07,0.0
arrival_date_2016-02-09,0.0
arrival_date_2016-02-10,0.0
arrival_date_2016-02-11,0.0
arrival_date_2016-02-12,0.0
arrival_date_2016-02-13,0.0
arrival_date_2016-02-14,0.0
arrival_date_2016-02-15,0.0
arrival_date_2016-02-17,0.0
arrival_date_2016-03-01,0.0
arrival_date_2016-02-18,0.0
arrival_date_2016-02-19,0.0
arrival_date_2016-02-20,0.0
arrival_date_2016-02-21,0.0
arrival_date_2016-02-22,0.0
arrival_date_2016-02-23,0.0
arrival_date_2016-02-24,0.0
arrival_date_2016-02-25,0.0
arrival_date_2016-02-26,0.0
arrival_date_2016-02-27,0.0
arrival_date_2016-02-29,0.0
arrival_date_2016-04-07,0.0
arrival_date_2016-04-08,0.0
arrival_date_2016-04-09,0.0
arrival_date_2016-05-27,0.0
arrival_date_2016-05-13,0.0
arrival_date_2016-05-14,0.0
arrival_date_2016-05-15,0.0
arrival_date_2016-05-16,0.0
arrival_date_2016-05-17,0.0
arrival_date_2016-05-18,0.0
arrival_date_2016-05-22,0.0
arrival_date_2016-05-23,0.0
arrival_date_2016-05-24,0.0
arrival_date_2016-05-25,0.0
arrival_date_2016-05-26,0.0
arrival_date_2016-05-28,0.0
arrival_date_2016-05-11,0.0
arrival_date_2016-05-29,0.0
arrival_date_2016-05-30,0.0
arrival_date_2016-05-31,0.0
arrival_date_2016-06-01,0.0
arrival_date_2016-06-02,0.0
arrival_date_2016-06-03,0.0
arrival_date_2016-06-04,0.0
arrival_date_2016-06-05,0.0
arrival_date_2016-06-06,0.0
arrival_date_2016-06-07,0.0
arrival_date_2016-06-08,0.0
arrival_date_2016-05-12,0.0
arrival_date_2016-05-10,0.0
arrival_date_2016-04-11,0.0
country_AZE,0.0
arrival_date_2016-04-12,0.0
arrival_date_2016-04-13,0.0
arrival_date_2016-04-14,0.0
arrival_date_2016-04-15,0.0
arrival_date_2016-04-16,0.0
arrival_date_2016-04-17,0.0
arrival_date_2016-04-18,0.0
arrival_date_2016-04-19,0.0
arrival_date_2016-04-20,0.0
arrival_date_2016-04-21,0.0
arrival_date_2016-04-22,0.0
arrival_date_2016-04-24,0.0
arrival_date_2016-05-09,0.0
arrival_date_2016-04-25,0.0
arrival_date_2016-04-26,0.0
arrival_date_2016-04-27,0.0
arrival_date_2016-05-01,0.0
arrival_date_2016-05-02,0.0
arrival_date_2016-05-03,0.0
arrival_date_2016-05-04,0.0
arrival_date_2016-05-05,0.0
arrival_date_2016-05-06,0.0
arrival_date_2016-05-07,0.0
arrival_date_2016-05-08,0.0
arrival_date_2016-02-03,0.0
arrival_date_2016-02-02,0.0
arrival_date_2016-02-01,0.0
arrival_date_2015-11-19,0.0
arrival_date_2015-11-08,0.0
arrival_date_2015-11-09,0.0
arrival_date_2015-11-10,0.0
arrival_date_2015-11-11,0.0
arrival_date_2015-11-12,0.0
arrival_date_2015-11-13,0.0
arrival_date_2015-11-14,0.0
arrival_date_2015-11-15,0.0
arrival_date_2015-11-16,0.0
arrival_date_2015-11-17,0.0
arrival_date_2015-11-18,0.0
arrival_date_2015-11-20,0.0
arrival_date_2015-11-06,0.0
arrival_date_2015-11-21,0.0
arrival_date_2015-11-22,0.0
arrival_date_2015-11-24,0.0
arrival_date_2015-11-25,0.0
arrival_date_2015-11-26,0.0
arrival_date_2015-11-27,0.0
arrival_date_2015-11-29,0.0
arrival_date_2015-11-30,0.0
arrival_date_2015-12-01,0.0
arrival_date_2015-12-02,0.0
arrival_date_2015-12-03,0.0
arrival_date_2015-11-07,0.0
arrival_date_2015-11-05,0.0
arrival_date_2015-12-05,0.0
arrival_date_2015-10-21,0.0
arrival_date_2015-10-10,0.0
arrival_date_2015-10-11,0.0
arrival_date_2015-10-12,0.0
arrival_date_2015-10-13,0.0
arrival_date_2015-10-14,0.0
arrival_date_2015-10-15,0.0
arrival_date_2015-10-16,0.0
arrival_date_2015-10-17,0.0
arrival_date_2015-10-18,0.0
arrival_date_2015-10-19,0.0
arrival_date_2015-10-20,0.0
arrival_date_2015-10-22,0.0
arrival_date_2015-11-04,0.0
arrival_date_2015-10-23,0.0
arrival_date_2015-10-24,0.0
arrival_date_2015-10-25,0.0
arrival_date_2015-10-26,0.0
arrival_date_2015-10-27,0.0
arrival_date_2015-10-28,0.0
arrival_date_2015-10-29,0.0
arrival_date_2015-10-31,0.0
arrival_date_2015-11-01,0.0
arrival_date_2015-11-02,0.0
arrival_date_2015-11-03,0.0
arrival_date_2015-12-04,0.0
arrival_date_2015-12-06,0.0
arrival_date_2016-01-31,0.0
arrival_date_2016-01-17,0.0
arrival_date_2016-01-06,0.0
arrival_date_2016-01-07,0.0
arrival_date_2016-01-08,0.0
arrival_date_2016-01-09,0.0
arrival_date_2016-01-10,0.0
arrival_date_2016-01-11,0.0
arrival_date_2016-01-12,0.0
arrival_date_2016-01-13,0.0
arrival_date_2016-01-14,0.0
arrival_date_2016-01-15,0.0
arrival_date_2016-01-16,0.0
arrival_date_2016-01-18,0.0
arrival_date_2016-01-04,0.0
arrival_date_2016-01-19,0.0
arrival_date_2016-01-20,0.0
arrival_date_2016-01-21,0.0
arrival_date_2016-01-23,0.0
arrival_date_2016-01-24,0.0
arrival_date_2016-01-25,0.0
arrival_date_2016-01-26,0.0
arrival_date_2016-01-27,0.0
arrival_date_2016-01-28,0.0
arrival_date_2016-01-29,0.0
arrival_date_2016-01-30,0.0
arrival_date_2016-01-05,0.0
arrival_date_2016-01-03,0.0
arrival_date_2015-12-07,0.0
arrival_date_2015-12-19,0.0
arrival_date_2015-12-08,0.0
arrival_date_2015-12-09,0.0
arrival_date_2015-12-10,0.0
arrival_date_2015-12-11,0.0
arrival_date_2015-12-12,0.0
arrival_date_2015-12-13,0.0
arrival_date_2015-12-14,0.0
arrival_date_2015-12-15,0.0
arrival_date_2015-12-16,0.0
arrival_date_2015-12-17,0.0
arrival_date_2015-12-18,0.0
arrival_date_2015-12-20,0.0
arrival_date_2016-01-01,0.0
arrival_date_2015-12-21,0.0
arrival_date_2015-12-22,0.0
arrival_date_2015-12-23,0.0
arrival_date_2015-12-24,0.0
arrival_date_2015-12-25,0.0
arrival_date_2015-12-26,0.0
arrival_date_2015-12-27,0.0
arrival_date_2015-12-28,0.0
arrival_date_2015-12-29,0.0
arrival_date_2015-12-30,0.0
arrival_date_2015-12-31,0.0
arrival_date_2016-03-25,0.0
